店舗名,日付,売上金額
東京駅,2018/1/1,0
東京駅,2018/1/2,0
東京駅,2018/1/3,0
東京駅,2018/1/4,0
東京駅,2018/1/5,0
東京駅,2018/1/6,0
東京駅,2018/1/7,0
東京駅,2018/1/8,269516
東京駅,2018/1/9,255962
東京駅,2018/1/10,275368
東京駅,2018/1/11,259232
東京駅,2018/1/12,287214
東京駅,2018/1/13,0
東京駅,2018/1/14,0
東京駅,2018/1/15,291080
東京駅,2018/1/16,292666
東京駅,2018/1/17,230773
東京駅,2018/1/18,212994
東京駅,2018/1/19,309570
東京駅,2018/1/20,0
東京駅,2018/1/21,0
東京駅,2018/1/22,232450
東京駅,2018/1/23,263769
東京駅,2018/1/24,215332
東京駅,2018/1/25,231102
東京駅,2018/1/26,324113
東京駅,2018/1/27,0
東京駅,2018/1/28,0
東京駅,2018/1/29,267063
東京駅,2018/1/30,226051
東京駅,2018/1/31,274452
東京駅,2018/2/1,225503
東京駅,2018/2/2,294231
東京駅,2018/2/3,0
東京駅,2018/2/4,0
東京駅,2018/2/5,181327
東京駅,2018/2/6,237924
東京駅,2018/2/7,218354
東京駅,2018/2/8,235992
東京駅,2018/2/9,258087
東京駅,2018/2/10,0
東京駅,2018/2/11,0
東京駅,2018/2/12,239863
東京駅,2018/2/13,225980
東京駅,2018/2/14,222556
東京駅,2018/2/15,261980
東京駅,2018/2/16,295799
東京駅,2018/2/17,0
東京駅,2018/2/18,0
東京駅,2018/2/19,253246
東京駅,2018/2/20,212360
東京駅,2018/2/21,199635
東京駅,2018/2/22,244901
東京駅,2018/2/23,284574
東京駅,2018/2/24,0
東京駅,2018/2/25,0
東京駅,2018/2/26,235776
東京駅,2018/2/27,258444
東京駅,2018/2/28,263056
東京駅,2018/3/1,366184
東京駅,2018/3/2,386579
東京駅,2018/3/3,0
東京駅,2018/3/4,0
東京駅,2018/3/5,366169
東京駅,2018/3/6,376048
東京駅,2018/3/7,370892
東京駅,2018/3/8,315051
東京駅,2018/3/9,296767
東京駅,2018/3/10,0
東京駅,2018/3/11,0
東京駅,2018/3/12,283621
東京駅,2018/3/13,358597
東京駅,2018/3/14,321237
東京駅,2018/3/15,358117
東京駅,2018/3/16,321770
東京駅,2018/3/17,0
東京駅,2018/3/18,0
東京駅,2018/3/19,329529
東京駅,2018/3/20,368391
東京駅,2018/3/21,336542
東京駅,2018/3/22,333642
東京駅,2018/3/23,348142
東京駅,2018/3/24,0
東京駅,2018/3/25,0
東京駅,2018/3/26,382925
東京駅,2018/3/27,274277
東京駅,2018/3/28,310333
東京駅,2018/3/29,349813
東京駅,2018/3/30,367784
東京駅,2018/3/31,0
東京駅,2018/4/1,0
東京駅,2018/4/2,329419
東京駅,2018/4/3,410341
東京駅,2018/4/4,320484
東京駅,2018/4/5,394639
東京駅,2018/4/6,477772
東京駅,2018/4/7,0
東京駅,2018/4/8,0
東京駅,2018/4/9,387948
東京駅,2018/4/10,396087
東京駅,2018/4/11,324999
東京駅,2018/4/12,425580
東京駅,2018/4/13,393317
東京駅,2018/4/14,0
東京駅,2018/4/15,0
東京駅,2018/4/16,368770
東京駅,2018/4/17,423958
東京駅,2018/4/18,371010
東京駅,2018/4/19,338443
東京駅,2018/4/20,424558
東京駅,2018/4/21,0
東京駅,2018/4/22,0
東京駅,2018/4/23,318568
東京駅,2018/4/24,361149
東京駅,2018/4/25,343534
東京駅,2018/4/26,353454
東京駅,2018/4/27,384169
東京駅,2018/4/28,0
東京駅,2018/4/29,0
東京駅,2018/4/30,359367
東京駅,2018/5/1,239955
東京駅,2018/5/2,190956
東京駅,2018/5/3,217549
東京駅,2018/5/4,179549
東京駅,2018/5/5,0
東京駅,2018/5/6,0
東京駅,2018/5/7,225876
東京駅,2018/5/8,184644
東京駅,2018/5/9,192896
東京駅,2018/5/10,230811
東京駅,2018/5/11,240141
東京駅,2018/5/12,0
東京駅,2018/5/13,0
東京駅,2018/5/14,209032
東京駅,2018/5/15,217772
東京駅,2018/5/16,160334
東京駅,2018/5/17,210144
東京駅,2018/5/18,219846
東京駅,2018/5/19,0
東京駅,2018/5/20,0
東京駅,2018/5/21,193268
東京駅,2018/5/22,176336
東京駅,2018/5/23,174077
東京駅,2018/5/24,162189
東京駅,2018/5/25,246724
東京駅,2018/5/26,0
東京駅,2018/5/27,0
東京駅,2018/5/28,192492
東京駅,2018/5/29,174268
東京駅,2018/5/30,231285
東京駅,2018/5/31,210521
東京駅,2018/6/1,229613
東京駅,2018/6/2,0
東京駅,2018/6/3,0
東京駅,2018/6/4,259235
東京駅,2018/6/5,251293
東京駅,2018/6/6,241747
東京駅,2018/6/7,253100
東京駅,2018/6/8,217989
東京駅,2018/6/9,0
東京駅,2018/6/10,0
東京駅,2018/6/11,190921
東京駅,2018/6/12,268310
東京駅,2018/6/13,247671
東京駅,2018/6/14,253314
東京駅,2018/6/15,198444
東京駅,2018/6/16,0
東京駅,2018/6/17,0
東京駅,2018/6/18,216942
東京駅,2018/6/19,226866
東京駅,2018/6/20,264112
東京駅,2018/6/21,266898
東京駅,2018/6/22,256141
東京駅,2018/6/23,0
東京駅,2018/6/24,0
東京駅,2018/6/25,252293
東京駅,2018/6/26,193495
東京駅,2018/6/27,184806
東京駅,2018/6/28,224304
東京駅,2018/6/29,216121
東京駅,2018/6/30,0
東京駅,2018/7/1,0
東京駅,2018/7/2,237566
東京駅,2018/7/3,226848
東京駅,2018/7/4,180385
東京駅,2018/7/5,179423
東京駅,2018/7/6,190554
東京駅,2018/7/7,0
東京駅,2018/7/8,0
東京駅,2018/7/9,231541
東京駅,2018/7/10,238560
東京駅,2018/7/11,196068
東京駅,2018/7/12,178817
東京駅,2018/7/13,211043
東京駅,2018/7/14,0
東京駅,2018/7/15,0
東京駅,2018/7/16,161761
東京駅,2018/7/17,231462
東京駅,2018/7/18,191962
東京駅,2018/7/19,177394
東京駅,2018/7/20,207933
東京駅,2018/7/21,0
東京駅,2018/7/22,0
東京駅,2018/7/23,168932
東京駅,2018/7/24,230841
東京駅,2018/7/25,231605
東京駅,2018/7/26,167382
東京駅,2018/7/27,209467
東京駅,2018/7/28,0
東京駅,2018/7/29,0
東京駅,2018/7/30,232035
東京駅,2018/7/31,167273
東京駅,2018/8/1,159909
東京駅,2018/8/2,157519
東京駅,2018/8/3,178063
東京駅,2018/8/4,0
東京駅,2018/8/5,0
東京駅,2018/8/6,154938
東京駅,2018/8/7,203168
東京駅,2018/8/8,190778
東京駅,2018/8/9,182848
東京駅,2018/8/10,155520
東京駅,2018/8/11,0
東京駅,2018/8/12,0
東京駅,2018/8/13,170170
東京駅,2018/8/14,192957
東京駅,2018/8/15,155659
東京駅,2018/8/16,189387
東京駅,2018/8/17,163901
東京駅,2018/8/18,0
東京駅,2018/8/19,0
東京駅,2018/8/20,161711
東京駅,2018/8/21,168872
東京駅,2018/8/22,166853
東京駅,2018/8/23,143194
東京駅,2018/8/24,166641
東京駅,2018/8/25,0
東京駅,2018/8/26,0
東京駅,2018/8/27,168269
東京駅,2018/8/28,195622
東京駅,2018/8/29,182805
東京駅,2018/8/30,174419
東京駅,2018/8/31,158508
東京駅,2018/9/1,0
東京駅,2018/9/2,0
東京駅,2018/9/3,240887
東京駅,2018/9/4,256806
東京駅,2018/9/5,254924
東京駅,2018/9/6,204916
東京駅,2018/9/7,302707
東京駅,2018/9/8,0
東京駅,2018/9/9,0
東京駅,2018/9/10,277592
東京駅,2018/9/11,205011
東京駅,2018/9/12,253823
東京駅,2018/9/13,276456
東京駅,2018/9/14,301464
東京駅,2018/9/15,0
東京駅,2018/9/16,0
東京駅,2018/9/17,228101
東京駅,2018/9/18,261728
東京駅,2018/9/19,256234
東京駅,2018/9/20,215352
東京駅,2018/9/21,267050
東京駅,2018/9/22,0
東京駅,2018/9/23,0
東京駅,2018/9/24,237487
東京駅,2018/9/25,234726
東京駅,2018/9/26,251915
東京駅,2018/9/27,281470
東京駅,2018/9/28,308820
東京駅,2018/9/29,0
東京駅,2018/9/30,0
東京駅,2018/10/1,239367
東京駅,2018/10/2,312391
東京駅,2018/10/3,255245
東京駅,2018/10/4,258518
東京駅,2018/10/5,331356
東京駅,2018/10/6,0
東京駅,2018/10/7,0
東京駅,2018/10/8,318468
東京駅,2018/10/9,266090
東京駅,2018/10/10,279020
東京駅,2018/10/11,227351
東京駅,2018/10/12,341661
東京駅,2018/10/13,0
東京駅,2018/10/14,0
東京駅,2018/10/15,230419
東京駅,2018/10/16,227869
東京駅,2018/10/17,284805
東京駅,2018/10/18,271717
東京駅,2018/10/19,267902
東京駅,2018/10/20,0
東京駅,2018/10/21,0
東京駅,2018/10/22,234514
東京駅,2018/10/23,265494
東京駅,2018/10/24,293166
東京駅,2018/10/25,320915
東京駅,2018/10/26,302064
東京駅,2018/10/27,0
東京駅,2018/10/28,0
東京駅,2018/10/29,250563
東京駅,2018/10/30,265087
東京駅,2018/10/31,318459
東京駅,2018/11/1,269959
東京駅,2018/11/2,259304
東京駅,2018/11/3,0
東京駅,2018/11/4,0
東京駅,2018/11/5,279845
東京駅,2018/11/6,268385
東京駅,2018/11/7,297114
東京駅,2018/11/8,294848
東京駅,2018/11/9,280258
東京駅,2018/11/10,0
東京駅,2018/11/11,0
東京駅,2018/11/12,207888
東京駅,2018/11/13,274267
東京駅,2018/11/14,277589
東京駅,2018/11/15,235108
東京駅,2018/11/16,227543
東京駅,2018/11/17,0
東京駅,2018/11/18,0
東京駅,2018/11/19,275339
東京駅,2018/11/20,264222
東京駅,2018/11/21,265510
東京駅,2018/11/22,242373
東京駅,2018/11/23,261144
東京駅,2018/11/24,0
東京駅,2018/11/25,0
東京駅,2018/11/26,249851
東京駅,2018/11/27,244702
東京駅,2018/11/28,256944
東京駅,2018/11/29,215467
東京駅,2018/11/30,262477
東京駅,2018/12/1,0
東京駅,2018/12/2,0
東京駅,2018/12/3,374099
東京駅,2018/12/4,397387
東京駅,2018/12/5,366006
東京駅,2018/12/6,409534
東京駅,2018/12/7,588717
東京駅,2018/12/8,0
東京駅,2018/12/9,0
東京駅,2018/12/10,470329
東京駅,2018/12/11,458515
東京駅,2018/12/12,519048
東京駅,2018/12/13,505639
東京駅,2018/12/14,452968
東京駅,2018/12/15,0
東京駅,2018/12/16,0
東京駅,2018/12/17,487836
東京駅,2018/12/18,528269
東京駅,2018/12/19,503893
東京駅,2018/12/20,404613
東京駅,2018/12/21,495320
東京駅,2018/12/22,0
東京駅,2018/12/23,0
東京駅,2018/12/24,521186
東京駅,2018/12/25,488746
東京駅,2018/12/26,492316
東京駅,2018/12/27,367034
東京駅,2018/12/28,593899
東京駅,2018/12/29,0
東京駅,2018/12/30,0
東京駅,2018/12/31,0
東京駅,2019/1/1,0
東京駅,2019/1/2,0
東京駅,2019/1/3,0
東京駅,2019/1/4,0
東京駅,2019/1/5,0
東京駅,2019/1/6,0
東京駅,2019/1/7,220501
東京駅,2019/1/8,292901
東京駅,2019/1/9,249558
東京駅,2019/1/10,203517
東京駅,2019/1/11,260438
東京駅,2019/1/12,0
東京駅,2019/1/13,0
東京駅,2019/1/14,259312
東京駅,2019/1/15,278044
東京駅,2019/1/16,226217
東京駅,2019/1/17,204580
東京駅,2019/1/18,275269
東京駅,2019/1/19,0
東京駅,2019/1/20,0
東京駅,2019/1/21,202100
東京駅,2019/1/22,206783
東京駅,2019/1/23,253493
東京駅,2019/1/24,230752
東京駅,2019/1/25,279779
東京駅,2019/1/26,0
東京駅,2019/1/27,0
東京駅,2019/1/28,205465
東京駅,2019/1/29,248153
東京駅,2019/1/30,291554
東京駅,2019/1/31,203870
東京駅,2019/2/1,256402
東京駅,2019/2/2,0
東京駅,2019/2/3,0
東京駅,2019/2/4,197990
東京駅,2019/2/5,180396
東京駅,2019/2/6,213122
東京駅,2019/2/7,231551
東京駅,2019/2/8,260468
東京駅,2019/2/9,0
東京駅,2019/2/10,0
東京駅,2019/2/11,220335
東京駅,2019/2/12,253891
東京駅,2019/2/13,241824
東京駅,2019/2/14,246022
東京駅,2019/2/15,262378
東京駅,2019/2/16,0
東京駅,2019/2/17,0
東京駅,2019/2/18,255766
東京駅,2019/2/19,189795
東京駅,2019/2/20,258699
東京駅,2019/2/21,214825
東京駅,2019/2/22,257735
東京駅,2019/2/23,0
東京駅,2019/2/24,0
東京駅,2019/2/25,215593
東京駅,2019/2/26,229862
東京駅,2019/2/27,268209
東京駅,2019/2/28,200383
東京駅,2019/3/1,305769
東京駅,2019/3/2,0
東京駅,2019/3/3,0
東京駅,2019/3/4,282048
東京駅,2019/3/5,292496
東京駅,2019/3/6,302666
東京駅,2019/3/7,351358
東京駅,2019/3/8,377113
東京駅,2019/3/9,0
東京駅,2019/3/10,0
東京駅,2019/3/11,353070
東京駅,2019/3/12,269248
東京駅,2019/3/13,368249
東京駅,2019/3/14,268408
東京駅,2019/3/15,330278
東京駅,2019/3/16,0
東京駅,2019/3/17,0
東京駅,2019/3/18,264602
東京駅,2019/3/19,329648
東京駅,2019/3/20,260205
東京駅,2019/3/21,332888
東京駅,2019/3/22,392718
東京駅,2019/3/23,0
東京駅,2019/3/24,0
東京駅,2019/3/25,357139
東京駅,2019/3/26,385509
東京駅,2019/3/27,383593
東京駅,2019/3/28,322212
東京駅,2019/3/29,349073
東京駅,2019/3/30,0
東京駅,2019/3/31,0
東京駅,2019/4/1,361689
東京駅,2019/4/2,315559
東京駅,2019/4/3,351829
東京駅,2019/4/4,374740
東京駅,2019/4/5,365131
東京駅,2019/4/6,0
東京駅,2019/4/7,0
東京駅,2019/4/8,448119
東京駅,2019/4/9,325348
東京駅,2019/4/10,400144
東京駅,2019/4/11,377161
東京駅,2019/4/12,481161
東京駅,2019/4/13,0
東京駅,2019/4/14,0
東京駅,2019/4/15,419629
東京駅,2019/4/16,394011
東京駅,2019/4/17,368077
東京駅,2019/4/18,447826
東京駅,2019/4/19,371436
東京駅,2019/4/20,0
東京駅,2019/4/21,0
東京駅,2019/4/22,403521
東京駅,2019/4/23,353256
東京駅,2019/4/24,413013
東京駅,2019/4/25,342672
東京駅,2019/4/26,458597
東京駅,2019/4/27,0
東京駅,2019/4/28,0
東京駅,2019/4/29,374856
東京駅,2019/4/30,346350
東京駅,2019/5/1,194974
東京駅,2019/5/2,167178
東京駅,2019/5/3,220299
東京駅,2019/5/4,0
東京駅,2019/5/5,0
東京駅,2019/5/6,199702
東京駅,2019/5/7,181799
東京駅,2019/5/8,176197
東京駅,2019/5/9,174396
東京駅,2019/5/10,195718
東京駅,2019/5/11,0
東京駅,2019/5/12,0
東京駅,2019/5/13,182936
東京駅,2019/5/14,185716
東京駅,2019/5/15,220589
東京駅,2019/5/16,217732
東京駅,2019/5/17,183264
東京駅,2019/5/18,0
東京駅,2019/5/19,0
東京駅,2019/5/20,211185
東京駅,2019/5/21,197981
東京駅,2019/5/22,164428
東京駅,2019/5/23,170479
東京駅,2019/5/24,235722
東京駅,2019/5/25,0
東京駅,2019/5/26,0
東京駅,2019/5/27,192769
東京駅,2019/5/28,230650
東京駅,2019/5/29,178828
東京駅,2019/5/30,233424
東京駅,2019/5/31,180606
東京駅,2019/6/1,0
東京駅,2019/6/2,0
東京駅,2019/6/3,200704
東京駅,2019/6/4,224509
東京駅,2019/6/5,260351
東京駅,2019/6/6,229901
東京駅,2019/6/7,258295
東京駅,2019/6/8,0
東京駅,2019/6/9,0
東京駅,2019/6/10,213217
東京駅,2019/6/11,208532
東京駅,2019/6/12,221967
東京駅,2019/6/13,265450
東京駅,2019/6/14,292551
東京駅,2019/6/15,0
東京駅,2019/6/16,0
東京駅,2019/6/17,207660
東京駅,2019/6/18,230609
東京駅,2019/6/19,261220
東京駅,2019/6/20,214966
東京駅,2019/6/21,233925
東京駅,2019/6/22,0
東京駅,2019/6/23,0
東京駅,2019/6/24,248130
東京駅,2019/6/25,261757
東京駅,2019/6/26,260369
東京駅,2019/6/27,234849
東京駅,2019/6/28,270182
東京駅,2019/6/29,0
東京駅,2019/6/30,0
東京駅,2019/7/1,189757
東京駅,2019/7/2,176109
東京駅,2019/7/3,184903
東京駅,2019/7/4,168516
東京駅,2019/7/5,260909
東京駅,2019/7/6,0
東京駅,2019/7/7,0
東京駅,2019/7/8,239038
東京駅,2019/7/9,197114
東京駅,2019/7/10,203006
東京駅,2019/7/11,173447
東京駅,2019/7/12,221174
東京駅,2019/7/13,0
東京駅,2019/7/14,0
東京駅,2019/7/15,169893
東京駅,2019/7/16,161246
東京駅,2019/7/17,174149
東京駅,2019/7/18,222030
東京駅,2019/7/19,192061
東京駅,2019/7/20,0
東京駅,2019/7/21,0
東京駅,2019/7/22,212507
東京駅,2019/7/23,208281
東京駅,2019/7/24,238948
東京駅,2019/7/25,168486
東京駅,2019/7/26,244210
東京駅,2019/7/27,0
東京駅,2019/7/28,0
東京駅,2019/7/29,204922
東京駅,2019/7/30,213072
東京駅,2019/7/31,184912
東京駅,2019/8/1,189639
東京駅,2019/8/2,199496
東京駅,2019/8/3,0
東京駅,2019/8/4,0
東京駅,2019/8/5,188398
東京駅,2019/8/6,169935
東京駅,2019/8/7,154753
東京駅,2019/8/8,156118
東京駅,2019/8/9,218537
東京駅,2019/8/10,0
東京駅,2019/8/11,0
東京駅,2019/8/12,209239
東京駅,2019/8/13,154903
東京駅,2019/8/14,168291
東京駅,2019/8/15,169111
東京駅,2019/8/16,192827
東京駅,2019/8/17,0
東京駅,2019/8/18,0
東京駅,2019/8/19,143270
東京駅,2019/8/20,207192
東京駅,2019/8/21,184643
東京駅,2019/8/22,161162
東京駅,2019/8/23,220925
東京駅,2019/8/24,0
東京駅,2019/8/25,0
東京駅,2019/8/26,190453
東京駅,2019/8/27,186190
東京駅,2019/8/28,209760
東京駅,2019/8/29,148132
東京駅,2019/8/30,191284
東京駅,2019/8/31,0
東京駅,2019/9/1,0
東京駅,2019/9/2,230259
東京駅,2019/9/3,205459
東京駅,2019/9/4,296542
東京駅,2019/9/5,246373
東京駅,2019/9/6,280693
東京駅,2019/9/7,0
東京駅,2019/9/8,0
東京駅,2019/9/9,236390
東京駅,2019/9/10,272580
東京駅,2019/9/11,260074
東京駅,2019/9/12,282656
東京駅,2019/9/13,234540
東京駅,2019/9/14,0
東京駅,2019/9/15,0
東京駅,2019/9/16,267540
東京駅,2019/9/17,295094
東京駅,2019/9/18,242375
東京駅,2019/9/19,252034
東京駅,2019/9/20,232467
東京駅,2019/9/21,0
東京駅,2019/9/22,0
東京駅,2019/9/23,242774
東京駅,2019/9/24,249507
東京駅,2019/9/25,243446
東京駅,2019/9/26,250589
東京駅,2019/9/27,262035
東京駅,2019/9/28,0
東京駅,2019/9/29,0
東京駅,2019/9/30,274733
東京駅,2019/10/1,249783
東京駅,2019/10/2,316171
東京駅,2019/10/3,267130
東京駅,2019/10/4,345255
東京駅,2019/10/5,0
東京駅,2019/10/6,0
東京駅,2019/10/7,273015
東京駅,2019/10/8,261955
東京駅,2019/10/9,293139
東京駅,2019/10/10,289575
東京駅,2019/10/11,285736
東京駅,2019/10/12,0
東京駅,2019/10/13,0
東京駅,2019/10/14,298410
東京駅,2019/10/15,259815
東京駅,2019/10/16,229045
東京駅,2019/10/17,298700
東京駅,2019/10/18,299962
東京駅,2019/10/19,0
東京駅,2019/10/20,0
東京駅,2019/10/21,275870
東京駅,2019/10/22,305075
東京駅,2019/10/23,251948
東京駅,2019/10/24,251374
東京駅,2019/10/25,324967
東京駅,2019/10/26,0
東京駅,2019/10/27,0
東京駅,2019/10/28,247317
東京駅,2019/10/29,306201
東京駅,2019/10/30,314283
東京駅,2019/10/31,263470
東京駅,2019/11/1,251141
東京駅,2019/11/2,0
東京駅,2019/11/3,0
東京駅,2019/11/4,277556
東京駅,2019/11/5,222057
東京駅,2019/11/6,215257
東京駅,2019/11/7,277342
東京駅,2019/11/8,312078
東京駅,2019/11/9,0
東京駅,2019/11/10,0
東京駅,2019/11/11,226779
東京駅,2019/11/12,285037
東京駅,2019/11/13,210125
東京駅,2019/11/14,291266
東京駅,2019/11/15,245683
東京駅,2019/11/16,0
東京駅,2019/11/17,0
東京駅,2019/11/18,207259
東京駅,2019/11/19,213286
東京駅,2019/11/20,290889
東京駅,2019/11/21,258457
東京駅,2019/11/22,253823
東京駅,2019/11/23,0
東京駅,2019/11/24,0
東京駅,2019/11/25,225496
東京駅,2019/11/26,218508
東京駅,2019/11/27,243641
東京駅,2019/11/28,286331
東京駅,2019/11/29,257662
東京駅,2019/11/30,0
東京駅,2019/12/1,0
東京駅,2019/12/2,480718
東京駅,2019/12/3,524284
東京駅,2019/12/4,533437
東京駅,2019/12/5,363943
東京駅,2019/12/6,529828
東京駅,2019/12/7,0
東京駅,2019/12/8,0
東京駅,2019/12/9,410455
東京駅,2019/12/10,525054
東京駅,2019/12/11,510625
東京駅,2019/12/12,539699
東京駅,2019/12/13,552075
東京駅,2019/12/14,0
東京駅,2019/12/15,0
東京駅,2019/12/16,389890
東京駅,2019/12/17,442335
東京駅,2019/12/18,514953
東京駅,2019/12/19,366757
東京駅,2019/12/20,543717
東京駅,2019/12/21,0
東京駅,2019/12/22,0
東京駅,2019/12/23,449890
東京駅,2019/12/24,428047
東京駅,2019/12/25,412308
東京駅,2019/12/26,392880
東京駅,2019/12/27,536677
東京駅,2019/12/28,0
東京駅,2019/12/29,0
東京駅,2019/12/30,0
東京駅,2019/12/31,0
新橋,2018/1/1,0
新橋,2018/1/2,0
新橋,2018/1/3,0
新橋,2018/1/4,0
新橋,2018/1/5,0
新橋,2018/1/6,0
新橋,2018/1/7,0
新橋,2018/1/8,303205
新橋,2018/1/9,277814
新橋,2018/1/10,250967
新橋,2018/1/11,301685
新橋,2018/1/12,305076
新橋,2018/1/13,0
新橋,2018/1/14,0
新橋,2018/1/15,302882
新橋,2018/1/16,299849
新橋,2018/1/17,292939
新橋,2018/1/18,285131
新橋,2018/1/19,283819
新橋,2018/1/20,0
新橋,2018/1/21,0
新橋,2018/1/22,294582
新橋,2018/1/23,294608
新橋,2018/1/24,273173
新橋,2018/1/25,265395
新橋,2018/1/26,320701
新橋,2018/1/27,0
新橋,2018/1/28,0
新橋,2018/1/29,261722
新橋,2018/1/30,309025
新橋,2018/1/31,264598
新橋,2018/2/1,238376
新橋,2018/2/2,256800
新橋,2018/2/3,0
新橋,2018/2/4,0
新橋,2018/2/5,259558
新橋,2018/2/6,273642
新橋,2018/2/7,242723
新橋,2018/2/8,235214
新橋,2018/2/9,274859
新橋,2018/2/10,0
新橋,2018/2/11,0
新橋,2018/2/12,278018
新橋,2018/2/13,277585
新橋,2018/2/14,254730
新橋,2018/2/15,240417
新橋,2018/2/16,274531
新橋,2018/2/17,0
新橋,2018/2/18,0
新橋,2018/2/19,250433
新橋,2018/2/20,262489
新橋,2018/2/21,229730
新橋,2018/2/22,258301
新橋,2018/2/23,294038
新橋,2018/2/24,0
新橋,2018/2/25,0
新橋,2018/2/26,235603
新橋,2018/2/27,270900
新橋,2018/2/28,238029
新橋,2018/3/1,357767
新橋,2018/3/2,380385
新橋,2018/3/3,0
新橋,2018/3/4,0
新橋,2018/3/5,371910
新橋,2018/3/6,356660
新橋,2018/3/7,360989
新橋,2018/3/8,390874
新橋,2018/3/9,433128
新橋,2018/3/10,0
新橋,2018/3/11,0
新橋,2018/3/12,344587
新橋,2018/3/13,350820
新橋,2018/3/14,381695
新橋,2018/3/15,355738
新橋,2018/3/16,391152
新橋,2018/3/17,0
新橋,2018/3/18,0
新橋,2018/3/19,344319
新橋,2018/3/20,381890
新橋,2018/3/21,407249
新橋,2018/3/22,415516
新橋,2018/3/23,450301
新橋,2018/3/24,0
新橋,2018/3/25,0
新橋,2018/3/26,356280
新橋,2018/3/27,386175
新橋,2018/3/28,395171
新橋,2018/3/29,413554
新橋,2018/3/30,379646
新橋,2018/3/31,0
新橋,2018/4/1,0
新橋,2018/4/2,404253
新橋,2018/4/3,446500
新橋,2018/4/4,458479
新橋,2018/4/5,381861
新橋,2018/4/6,518015
新橋,2018/4/7,0
新橋,2018/4/8,0
新橋,2018/4/9,442837
新橋,2018/4/10,399625
新橋,2018/4/11,388480
新橋,2018/4/12,419698
新橋,2018/4/13,503390
新橋,2018/4/14,0
新橋,2018/4/15,0
新橋,2018/4/16,393450
新橋,2018/4/17,441565
新橋,2018/4/18,389064
新橋,2018/4/19,427375
新橋,2018/4/20,504296
新橋,2018/4/21,0
新橋,2018/4/22,0
新橋,2018/4/23,415374
新橋,2018/4/24,452280
新橋,2018/4/25,454912
新橋,2018/4/26,390493
新橋,2018/4/27,463369
新橋,2018/4/28,0
新橋,2018/4/29,0
新橋,2018/4/30,378108
新橋,2018/5/1,200962
新橋,2018/5/2,224893
新橋,2018/5/3,244659
新橋,2018/5/4,271725
新橋,2018/5/5,0
新橋,2018/5/6,0
新橋,2018/5/7,205023
新橋,2018/5/8,249078
新橋,2018/5/9,254650
新橋,2018/5/10,241082
新橋,2018/5/11,229549
新橋,2018/5/12,0
新橋,2018/5/13,0
新橋,2018/5/14,252256
新橋,2018/5/15,212359
新橋,2018/5/16,209932
新橋,2018/5/17,229904
新橋,2018/5/18,228923
新橋,2018/5/19,0
新橋,2018/5/20,0
新橋,2018/5/21,214952
新橋,2018/5/22,239611
新橋,2018/5/23,226504
新橋,2018/5/24,232875
新橋,2018/5/25,230186
新橋,2018/5/26,0
新橋,2018/5/27,0
新橋,2018/5/28,210938
新橋,2018/5/29,232823
新橋,2018/5/30,249745
新橋,2018/5/31,229633
新橋,2018/6/1,289136
新橋,2018/6/2,0
新橋,2018/6/3,0
新橋,2018/6/4,235412
新橋,2018/6/5,233414
新橋,2018/6/6,261112
新橋,2018/6/7,277437
新橋,2018/6/8,253437
新橋,2018/6/9,0
新橋,2018/6/10,0
新橋,2018/6/11,264425
新橋,2018/6/12,241068
新橋,2018/6/13,255614
新橋,2018/6/14,245602
新橋,2018/6/15,261775
新橋,2018/6/16,0
新橋,2018/6/17,0
新橋,2018/6/18,276209
新橋,2018/6/19,230715
新橋,2018/6/20,243359
新橋,2018/6/21,227457
新橋,2018/6/22,309838
新橋,2018/6/23,0
新橋,2018/6/24,0
新橋,2018/6/25,265081
新橋,2018/6/26,241398
新橋,2018/6/27,253336
新橋,2018/6/28,245341
新橋,2018/6/29,294894
新橋,2018/6/30,0
新橋,2018/7/1,0
新橋,2018/7/2,245553
新橋,2018/7/3,220974
新橋,2018/7/4,253805
新橋,2018/7/5,248426
新橋,2018/7/6,243019
新橋,2018/7/7,0
新橋,2018/7/8,0
新橋,2018/7/9,239235
新橋,2018/7/10,235125
新橋,2018/7/11,203341
新橋,2018/7/12,225883
新橋,2018/7/13,273817
新橋,2018/7/14,0
新橋,2018/7/15,0
新橋,2018/7/16,242033
新橋,2018/7/17,231358
新橋,2018/7/18,252965
新橋,2018/7/19,246701
新橋,2018/7/20,273969
新橋,2018/7/21,0
新橋,2018/7/22,0
新橋,2018/7/23,209812
新橋,2018/7/24,226512
新橋,2018/7/25,225758
新橋,2018/7/26,240559
新橋,2018/7/27,222112
新橋,2018/7/28,0
新橋,2018/7/29,0
新橋,2018/7/30,234244
新橋,2018/7/31,229438
新橋,2018/8/1,184811
新橋,2018/8/2,197346
新橋,2018/8/3,202310
新橋,2018/8/4,0
新橋,2018/8/5,0
新橋,2018/8/6,185318
新橋,2018/8/7,213026
新橋,2018/8/8,195195
新橋,2018/8/9,220210
新橋,2018/8/10,199142
新橋,2018/8/11,0
新橋,2018/8/12,0
新橋,2018/8/13,217878
新橋,2018/8/14,209328
新橋,2018/8/15,200933
新橋,2018/8/16,180904
新橋,2018/8/17,193317
新橋,2018/8/18,0
新橋,2018/8/19,0
新橋,2018/8/20,212359
新橋,2018/8/21,200450
新橋,2018/8/22,189917
新橋,2018/8/23,195426
新橋,2018/8/24,199075
新橋,2018/8/25,0
新橋,2018/8/26,0
新橋,2018/8/27,209192
新橋,2018/8/28,198909
新橋,2018/8/29,216024
新橋,2018/8/30,202825
新橋,2018/8/31,219233
新橋,2018/9/1,0
新橋,2018/9/2,0
新橋,2018/9/3,307767
新橋,2018/9/4,264345
新橋,2018/9/5,319893
新橋,2018/9/6,272978
新橋,2018/9/7,301086
新橋,2018/9/8,0
新橋,2018/9/9,0
新橋,2018/9/10,296778
新橋,2018/9/11,273561
新橋,2018/9/12,280960
新橋,2018/9/13,257587
新橋,2018/9/14,351791
新橋,2018/9/15,0
新橋,2018/9/16,0
新橋,2018/9/17,310393
新橋,2018/9/18,267054
新橋,2018/9/19,250827
新橋,2018/9/20,277875
新橋,2018/9/21,296792
新橋,2018/9/22,0
新橋,2018/9/23,0
新橋,2018/9/24,266166
新橋,2018/9/25,315965
新橋,2018/9/26,303697
新橋,2018/9/27,319567
新橋,2018/9/28,303351
新橋,2018/9/29,0
新橋,2018/9/30,0
新橋,2018/10/1,343714
新橋,2018/10/2,300276
新橋,2018/10/3,330266
新橋,2018/10/4,330495
新橋,2018/10/5,311636
新橋,2018/10/6,0
新橋,2018/10/7,0
新橋,2018/10/8,299381
新橋,2018/10/9,294814
新橋,2018/10/10,330972
新橋,2018/10/11,327027
新橋,2018/10/12,372416
新橋,2018/10/13,0
新橋,2018/10/14,0
新橋,2018/10/15,340076
新橋,2018/10/16,327776
新橋,2018/10/17,330843
新橋,2018/10/18,306692
新橋,2018/10/19,326917
新橋,2018/10/20,0
新橋,2018/10/21,0
新橋,2018/10/22,332212
新橋,2018/10/23,307344
新橋,2018/10/24,349451
新橋,2018/10/25,329749
新橋,2018/10/26,319239
新橋,2018/10/27,0
新橋,2018/10/28,0
新橋,2018/10/29,306270
新橋,2018/10/30,284475
新橋,2018/10/31,282883
新橋,2018/11/1,281205
新橋,2018/11/2,331237
新橋,2018/11/3,0
新橋,2018/11/4,0
新橋,2018/11/5,275159
新橋,2018/11/6,298610
新橋,2018/11/7,262102
新橋,2018/11/8,315165
新橋,2018/11/9,314458
新橋,2018/11/10,0
新橋,2018/11/11,0
新橋,2018/11/12,302105
新橋,2018/11/13,299998
新橋,2018/11/14,296664
新橋,2018/11/15,296377
新橋,2018/11/16,342239
新橋,2018/11/17,0
新橋,2018/11/18,0
新橋,2018/11/19,282041
新橋,2018/11/20,265509
新橋,2018/11/21,257797
新橋,2018/11/22,256346
新橋,2018/11/23,282361
新橋,2018/11/24,0
新橋,2018/11/25,0
新橋,2018/11/26,305739
新橋,2018/11/27,275881
新橋,2018/11/28,259374
新橋,2018/11/29,300055
新橋,2018/11/30,342521
新橋,2018/12/1,0
新橋,2018/12/2,0
新橋,2018/12/3,535487
新橋,2018/12/4,476227
新橋,2018/12/5,524502
新橋,2018/12/6,474474
新橋,2018/12/7,508430
新橋,2018/12/8,0
新橋,2018/12/9,0
新橋,2018/12/10,524512
新橋,2018/12/11,491806
新橋,2018/12/12,456033
新橋,2018/12/13,542230
新橋,2018/12/14,503110
新橋,2018/12/15,0
新橋,2018/12/16,0
新橋,2018/12/17,464202
新橋,2018/12/18,564298
新橋,2018/12/19,563745
新橋,2018/12/20,499743
新橋,2018/12/21,583096
新橋,2018/12/22,0
新橋,2018/12/23,0
新橋,2018/12/24,555532
新橋,2018/12/25,469443
新橋,2018/12/26,481102
新橋,2018/12/27,460242
新橋,2018/12/28,574037
新橋,2018/12/29,0
新橋,2018/12/30,0
新橋,2018/12/31,0
新橋,2019/1/1,0
新橋,2019/1/2,0
新橋,2019/1/3,0
新橋,2019/1/4,0
新橋,2019/1/5,0
新橋,2019/1/6,0
新橋,2019/1/7,267945
新橋,2019/1/8,295779
新橋,2019/1/9,278109
新橋,2019/1/10,302538
新橋,2019/1/11,348082
新橋,2019/1/12,0
新橋,2019/1/13,0
新橋,2019/1/14,318612
新橋,2019/1/15,255163
新橋,2019/1/16,318707
新橋,2019/1/17,251698
新橋,2019/1/18,348027
新橋,2019/1/19,0
新橋,2019/1/20,0
新橋,2019/1/21,297948
新橋,2019/1/22,268858
新橋,2019/1/23,308972
新橋,2019/1/24,293442
新橋,2019/1/25,323566
新橋,2019/1/26,0
新橋,2019/1/27,0
新橋,2019/1/28,310560
新橋,2019/1/29,317162
新橋,2019/1/30,259321
新橋,2019/1/31,281808
新橋,2019/2/1,283952
新橋,2019/2/2,0
新橋,2019/2/3,0
新橋,2019/2/4,260999
新橋,2019/2/5,252499
新橋,2019/2/6,259856
新橋,2019/2/7,267429
新橋,2019/2/8,249306
新橋,2019/2/9,0
新橋,2019/2/10,0
新橋,2019/2/11,229296
新橋,2019/2/12,254117
新橋,2019/2/13,253045
新橋,2019/2/14,264497
新橋,2019/2/15,306703
新橋,2019/2/16,0
新橋,2019/2/17,0
新橋,2019/2/18,280226
新橋,2019/2/19,280348
新橋,2019/2/20,228834
新橋,2019/2/21,286923
新橋,2019/2/22,273327
新橋,2019/2/23,0
新橋,2019/2/24,0
新橋,2019/2/25,264795
新橋,2019/2/26,250672
新橋,2019/2/27,247253
新橋,2019/2/28,252705
新橋,2019/3/1,454413
新橋,2019/3/2,0
新橋,2019/3/3,0
新橋,2019/3/4,379676
新橋,2019/3/5,396016
新橋,2019/3/6,330552
新橋,2019/3/7,351592
新橋,2019/3/8,435992
新橋,2019/3/9,0
新橋,2019/3/10,0
新橋,2019/3/11,373243
新橋,2019/3/12,366662
新橋,2019/3/13,412344
新橋,2019/3/14,333746
新橋,2019/3/15,445221
新橋,2019/3/16,0
新橋,2019/3/17,0
新橋,2019/3/18,388481
新橋,2019/3/19,385625
新橋,2019/3/20,331879
新橋,2019/3/21,406549
新橋,2019/3/22,364657
新橋,2019/3/23,0
新橋,2019/3/24,0
新橋,2019/3/25,342266
新橋,2019/3/26,333075
新橋,2019/3/27,397386
新橋,2019/3/28,376129
新橋,2019/3/29,445473
新橋,2019/3/30,0
新橋,2019/3/31,0
新橋,2019/4/1,475404
新橋,2019/4/2,470251
新橋,2019/4/3,391453
新橋,2019/4/4,397221
新橋,2019/4/5,456662
新橋,2019/4/6,0
新橋,2019/4/7,0
新橋,2019/4/8,455616
新橋,2019/4/9,412312
新橋,2019/4/10,440208
新橋,2019/4/11,410374
新橋,2019/4/12,436707
新橋,2019/4/13,0
新橋,2019/4/14,0
新橋,2019/4/15,396874
新橋,2019/4/16,471025
新橋,2019/4/17,419709
新橋,2019/4/18,440355
新橋,2019/4/19,450850
新橋,2019/4/20,0
新橋,2019/4/21,0
新橋,2019/4/22,388963
新橋,2019/4/23,427110
新橋,2019/4/24,382785
新橋,2019/4/25,418515
新橋,2019/4/26,479435
新橋,2019/4/27,0
新橋,2019/4/28,0
新橋,2019/4/29,464716
新橋,2019/4/30,468799
新橋,2019/5/1,250608
新橋,2019/5/2,208369
新橋,2019/5/3,232741
新橋,2019/5/4,0
新橋,2019/5/5,0
新橋,2019/5/6,231172
新橋,2019/5/7,230914
新橋,2019/5/8,222120
新橋,2019/5/9,218108
新橋,2019/5/10,229126
新橋,2019/5/11,0
新橋,2019/5/12,0
新橋,2019/5/13,239575
新橋,2019/5/14,253005
新橋,2019/5/15,203068
新橋,2019/5/16,239942
新橋,2019/5/17,271065
新橋,2019/5/18,0
新橋,2019/5/19,0
新橋,2019/5/20,201486
新橋,2019/5/21,221828
新橋,2019/5/22,231683
新橋,2019/5/23,209712
新橋,2019/5/24,279137
新橋,2019/5/25,0
新橋,2019/5/26,0
新橋,2019/5/27,207480
新橋,2019/5/28,210518
新橋,2019/5/29,209360
新橋,2019/5/30,217293
新橋,2019/5/31,227368
新橋,2019/6/1,0
新橋,2019/6/2,0
新橋,2019/6/3,264972
新橋,2019/6/4,286041
新橋,2019/6/5,280327
新橋,2019/6/6,250556
新橋,2019/6/7,294462
新橋,2019/6/8,0
新橋,2019/6/9,0
新橋,2019/6/10,278932
新橋,2019/6/11,265271
新橋,2019/6/12,271396
新橋,2019/6/13,231939
新橋,2019/6/14,253558
新橋,2019/6/15,0
新橋,2019/6/16,0
新橋,2019/6/17,264162
新橋,2019/6/18,285738
新橋,2019/6/19,246434
新橋,2019/6/20,271610
新橋,2019/6/21,312495
新橋,2019/6/22,0
新橋,2019/6/23,0
新橋,2019/6/24,247955
新橋,2019/6/25,230158
新橋,2019/6/26,231128
新橋,2019/6/27,286609
新橋,2019/6/28,273088
新橋,2019/6/29,0
新橋,2019/6/30,0
新橋,2019/7/1,251644
新橋,2019/7/2,205071
新橋,2019/7/3,203275
新橋,2019/7/4,248731
新橋,2019/7/5,262385
新橋,2019/7/6,0
新橋,2019/7/7,0
新橋,2019/7/8,215264
新橋,2019/7/9,208939
新橋,2019/7/10,204733
新橋,2019/7/11,214764
新橋,2019/7/12,276931
新橋,2019/7/13,0
新橋,2019/7/14,0
新橋,2019/7/15,213087
新橋,2019/7/16,213359
新橋,2019/7/17,250664
新橋,2019/7/18,229360
新橋,2019/7/19,274989
新橋,2019/7/20,0
新橋,2019/7/21,0
新橋,2019/7/22,247380
新橋,2019/7/23,200086
新橋,2019/7/24,231768
新橋,2019/7/25,219841
新橋,2019/7/26,255596
新橋,2019/7/27,0
新橋,2019/7/28,0
新橋,2019/7/29,230360
新橋,2019/7/30,233437
新橋,2019/7/31,228197
新橋,2019/8/1,186249
新橋,2019/8/2,196639
新橋,2019/8/3,0
新橋,2019/8/4,0
新橋,2019/8/5,213669
新橋,2019/8/6,196755
新橋,2019/8/7,216415
新橋,2019/8/8,216239
新橋,2019/8/9,207028
新橋,2019/8/10,0
新橋,2019/8/11,0
新橋,2019/8/12,221608
新橋,2019/8/13,175804
新橋,2019/8/14,211852
新橋,2019/8/15,212296
新橋,2019/8/16,234289
新橋,2019/8/17,0
新橋,2019/8/18,0
新橋,2019/8/19,210880
新橋,2019/8/20,203784
新橋,2019/8/21,189990
新橋,2019/8/22,196989
新橋,2019/8/23,207168
新橋,2019/8/24,0
新橋,2019/8/25,0
新橋,2019/8/26,221780
新橋,2019/8/27,178305
新橋,2019/8/28,181988
新橋,2019/8/29,178642
新橋,2019/8/30,213887
新橋,2019/8/31,0
新橋,2019/9/1,0
新橋,2019/9/2,301044
新橋,2019/9/3,261789
新橋,2019/9/4,317345
新橋,2019/9/5,258353
新橋,2019/9/6,326344
新橋,2019/9/7,0
新橋,2019/9/8,0
新橋,2019/9/9,262628
新橋,2019/9/10,282495
新橋,2019/9/11,276223
新橋,2019/9/12,257960
新橋,2019/9/13,294825
新橋,2019/9/14,0
新橋,2019/9/15,0
新橋,2019/9/16,266071
新橋,2019/9/17,297974
新橋,2019/9/18,262639
新橋,2019/9/19,256993
新橋,2019/9/20,281295
新橋,2019/9/21,0
新橋,2019/9/22,0
新橋,2019/9/23,284568
新橋,2019/9/24,302413
新橋,2019/9/25,261822
新橋,2019/9/26,310012
新橋,2019/9/27,294021
新橋,2019/9/28,0
新橋,2019/9/29,0
新橋,2019/9/30,284606
新橋,2019/10/1,333237
新橋,2019/10/2,340564
新橋,2019/10/3,307979
新橋,2019/10/4,360317
新橋,2019/10/5,0
新橋,2019/10/6,0
新橋,2019/10/7,330294
新橋,2019/10/8,319525
新橋,2019/10/9,308114
新橋,2019/10/10,305839
新橋,2019/10/11,355477
新橋,2019/10/12,0
新橋,2019/10/13,0
新橋,2019/10/14,309901
新橋,2019/10/15,289441
新橋,2019/10/16,331876
新橋,2019/10/17,300003
新橋,2019/10/18,321374
新橋,2019/10/19,0
新橋,2019/10/20,0
新橋,2019/10/21,347358
新橋,2019/10/22,342067
新橋,2019/10/23,328785
新橋,2019/10/24,349805
新橋,2019/10/25,350644
新橋,2019/10/26,0
新橋,2019/10/27,0
新橋,2019/10/28,340271
新橋,2019/10/29,292092
新橋,2019/10/30,310775
新橋,2019/10/31,334599
新橋,2019/11/1,341904
新橋,2019/11/2,0
新橋,2019/11/3,0
新橋,2019/11/4,259876
新橋,2019/11/5,284604
新橋,2019/11/6,257698
新橋,2019/11/7,317911
新橋,2019/11/8,309354
新橋,2019/11/9,0
新橋,2019/11/10,0
新橋,2019/11/11,272328
新橋,2019/11/12,283773
新橋,2019/11/13,264687
新橋,2019/11/14,266058
新橋,2019/11/15,278235
新橋,2019/11/16,0
新橋,2019/11/17,0
新橋,2019/11/18,304265
新橋,2019/11/19,318216
新橋,2019/11/20,286789
新橋,2019/11/21,317829
新橋,2019/11/22,331067
新橋,2019/11/23,0
新橋,2019/11/24,0
新橋,2019/11/25,304315
新橋,2019/11/26,275953
新橋,2019/11/27,261500
新橋,2019/11/28,250332
新橋,2019/11/29,328798
新橋,2019/11/30,0
新橋,2019/12/1,0
新橋,2019/12/2,502396
新橋,2019/12/3,564679
新橋,2019/12/4,541146
新橋,2019/12/5,460150
新橋,2019/12/6,620334
新橋,2019/12/7,0
新橋,2019/12/8,0
新橋,2019/12/9,456381
新橋,2019/12/10,512433
新橋,2019/12/11,543619
新橋,2019/12/12,516124
新橋,2019/12/13,520951
新橋,2019/12/14,0
新橋,2019/12/15,0
新橋,2019/12/16,453988
新橋,2019/12/17,489789
新橋,2019/12/18,469926
新橋,2019/12/19,531554
新橋,2019/12/20,544933
新橋,2019/12/21,0
新橋,2019/12/22,0
新橋,2019/12/23,451771
新橋,2019/12/24,512244
新橋,2019/12/25,568765
新橋,2019/12/26,544024
新橋,2019/12/27,500387
新橋,2019/12/28,0
新橋,2019/12/29,0
新橋,2019/12/30,0
新橋,2019/12/31,0
秋葉原,2018/1/1,0
秋葉原,2018/1/2,0
秋葉原,2018/1/3,0
秋葉原,2018/1/4,0
秋葉原,2018/1/5,0
秋葉原,2018/1/6,0
秋葉原,2018/1/7,0
秋葉原,2018/1/8,188484
秋葉原,2018/1/9,216007
秋葉原,2018/1/10,155638
秋葉原,2018/1/11,190374
秋葉原,2018/1/12,175216
秋葉原,2018/1/13,0
秋葉原,2018/1/14,0
秋葉原,2018/1/15,184035
秋葉原,2018/1/16,170498
秋葉原,2018/1/17,173920
秋葉原,2018/1/18,207636
秋葉原,2018/1/19,181193
秋葉原,2018/1/20,0
秋葉原,2018/1/21,0
秋葉原,2018/1/22,165106
秋葉原,2018/1/23,184395
秋葉原,2018/1/24,179245
秋葉原,2018/1/25,191669
秋葉原,2018/1/26,195580
秋葉原,2018/1/27,0
秋葉原,2018/1/28,0
秋葉原,2018/1/29,193243
秋葉原,2018/1/30,209624
秋葉原,2018/1/31,210911
秋葉原,2018/2/1,136848
秋葉原,2018/2/2,205391
秋葉原,2018/2/3,0
秋葉原,2018/2/4,0
秋葉原,2018/2/5,165644
秋葉原,2018/2/6,152610
秋葉原,2018/2/7,159856
秋葉原,2018/2/8,139509
秋葉原,2018/2/9,180576
秋葉原,2018/2/10,0
秋葉原,2018/2/11,0
秋葉原,2018/2/12,187388
秋葉原,2018/2/13,189013
秋葉原,2018/2/14,146185
秋葉原,2018/2/15,178352
秋葉原,2018/2/16,194540
秋葉原,2018/2/17,0
秋葉原,2018/2/18,0
秋葉原,2018/2/19,176289
秋葉原,2018/2/20,172639
秋葉原,2018/2/21,152864
秋葉原,2018/2/22,138746
秋葉原,2018/2/23,191235
秋葉原,2018/2/24,0
秋葉原,2018/2/25,0
秋葉原,2018/2/26,154296
秋葉原,2018/2/27,187930
秋葉原,2018/2/28,164886
秋葉原,2018/3/1,215885
秋葉原,2018/3/2,297590
秋葉原,2018/3/3,0
秋葉原,2018/3/4,0
秋葉原,2018/3/5,231245
秋葉原,2018/3/6,213084
秋葉原,2018/3/7,224520
秋葉原,2018/3/8,200105
秋葉原,2018/3/9,243590
秋葉原,2018/3/10,0
秋葉原,2018/3/11,0
秋葉原,2018/3/12,272253
秋葉原,2018/3/13,223752
秋葉原,2018/3/14,245638
秋葉原,2018/3/15,242422
秋葉原,2018/3/16,273421
秋葉原,2018/3/17,0
秋葉原,2018/3/18,0
秋葉原,2018/3/19,211562
秋葉原,2018/3/20,241499
秋葉原,2018/3/21,282781
秋葉原,2018/3/22,217700
秋葉原,2018/3/23,312964
秋葉原,2018/3/24,0
秋葉原,2018/3/25,0
秋葉原,2018/3/26,247145
秋葉原,2018/3/27,251408
秋葉原,2018/3/28,228810
秋葉原,2018/3/29,231453
秋葉原,2018/3/30,301751
秋葉原,2018/3/31,0
秋葉原,2018/4/1,0
秋葉原,2018/4/2,229029
秋葉原,2018/4/3,328365
秋葉原,2018/4/4,311434
秋葉原,2018/4/5,286879
秋葉原,2018/4/6,341345
秋葉原,2018/4/7,0
秋葉原,2018/4/8,0
秋葉原,2018/4/9,293310
秋葉原,2018/4/10,321079
秋葉原,2018/4/11,225024
秋葉原,2018/4/12,254557
秋葉原,2018/4/13,273091
秋葉原,2018/4/14,0
秋葉原,2018/4/15,0
秋葉原,2018/4/16,289617
秋葉原,2018/4/17,298485
秋葉原,2018/4/18,316089
秋葉原,2018/4/19,247926
秋葉原,2018/4/20,298491
秋葉原,2018/4/21,0
秋葉原,2018/4/22,0
秋葉原,2018/4/23,260664
秋葉原,2018/4/24,311121
秋葉原,2018/4/25,259482
秋葉原,2018/4/26,291829
秋葉原,2018/4/27,265143
秋葉原,2018/4/28,0
秋葉原,2018/4/29,0
秋葉原,2018/4/30,258139
秋葉原,2018/5/1,153280
秋葉原,2018/5/2,138967
秋葉原,2018/5/3,166384
秋葉原,2018/5/4,182207
秋葉原,2018/5/5,0
秋葉原,2018/5/6,0
秋葉原,2018/5/7,134024
秋葉原,2018/5/8,135795
秋葉原,2018/5/9,153239
秋葉原,2018/5/10,162002
秋葉原,2018/5/11,179006
秋葉原,2018/5/12,0
秋葉原,2018/5/13,0
秋葉原,2018/5/14,159833
秋葉原,2018/5/15,129664
秋葉原,2018/5/16,153255
秋葉原,2018/5/17,138162
秋葉原,2018/5/18,154572
秋葉原,2018/5/19,0
秋葉原,2018/5/20,0
秋葉原,2018/5/21,132067
秋葉原,2018/5/22,126655
秋葉原,2018/5/23,133175
秋葉原,2018/5/24,174156
秋葉原,2018/5/25,155499
秋葉原,2018/5/26,0
秋葉原,2018/5/27,0
秋葉原,2018/5/28,160946
秋葉原,2018/5/29,155525
秋葉原,2018/5/30,121438
秋葉原,2018/5/31,127139
秋葉原,2018/6/1,205611
秋葉原,2018/6/2,0
秋葉原,2018/6/3,0
秋葉原,2018/6/4,138288
秋葉原,2018/6/5,163683
秋葉原,2018/6/6,181209
秋葉原,2018/6/7,179319
秋葉原,2018/6/8,213193
秋葉原,2018/6/9,0
秋葉原,2018/6/10,0
秋葉原,2018/6/11,151526
秋葉原,2018/6/12,194709
秋葉原,2018/6/13,173296
秋葉原,2018/6/14,167791
秋葉原,2018/6/15,186433
秋葉原,2018/6/16,0
秋葉原,2018/6/17,0
秋葉原,2018/6/18,158617
秋葉原,2018/6/19,141196
秋葉原,2018/6/20,168503
秋葉原,2018/6/21,153056
秋葉原,2018/6/22,184543
秋葉原,2018/6/23,0
秋葉原,2018/6/24,0
秋葉原,2018/6/25,186876
秋葉原,2018/6/26,162325
秋葉原,2018/6/27,157141
秋葉原,2018/6/28,170398
秋葉原,2018/6/29,179290
秋葉原,2018/6/30,0
秋葉原,2018/7/1,0
秋葉原,2018/7/2,124855
秋葉原,2018/7/3,162959
秋葉原,2018/7/4,165590
秋葉原,2018/7/5,130364
秋葉原,2018/7/6,139725
秋葉原,2018/7/7,0
秋葉原,2018/7/8,0
秋葉原,2018/7/9,124667
秋葉原,2018/7/10,148644
秋葉原,2018/7/11,168491
秋葉原,2018/7/12,148894
秋葉原,2018/7/13,184257
秋葉原,2018/7/14,0
秋葉原,2018/7/15,0
秋葉原,2018/7/16,154559
秋葉原,2018/7/17,123975
秋葉原,2018/7/18,136144
秋葉原,2018/7/19,147551
秋葉原,2018/7/20,177276
秋葉原,2018/7/21,0
秋葉原,2018/7/22,0
秋葉原,2018/7/23,154600
秋葉原,2018/7/24,129390
秋葉原,2018/7/25,156289
秋葉原,2018/7/26,133980
秋葉原,2018/7/27,186275
秋葉原,2018/7/28,0
秋葉原,2018/7/29,0
秋葉原,2018/7/30,121067
秋葉原,2018/7/31,141183
秋葉原,2018/8/1,139520
秋葉原,2018/8/2,121747
秋葉原,2018/8/3,125073
秋葉原,2018/8/4,0
秋葉原,2018/8/5,0
秋葉原,2018/8/6,116983
秋葉原,2018/8/7,136150
秋葉原,2018/8/8,129739
秋葉原,2018/8/9,122437
秋葉原,2018/8/10,131150
秋葉原,2018/8/11,0
秋葉原,2018/8/12,0
秋葉原,2018/8/13,124042
秋葉原,2018/8/14,131238
秋葉原,2018/8/15,139759
秋葉原,2018/8/16,130487
秋葉原,2018/8/17,134375
秋葉原,2018/8/18,0
秋葉原,2018/8/19,0
秋葉原,2018/8/20,132840
秋葉原,2018/8/21,134845
秋葉原,2018/8/22,150017
秋葉原,2018/8/23,129546
秋葉原,2018/8/24,166440
秋葉原,2018/8/25,0
秋葉原,2018/8/26,0
秋葉原,2018/8/27,128748
秋葉原,2018/8/28,135769
秋葉原,2018/8/29,139524
秋葉原,2018/8/30,148891
秋葉原,2018/8/31,118247
秋葉原,2018/9/1,0
秋葉原,2018/9/2,0
秋葉原,2018/9/3,161722
秋葉原,2018/9/4,187562
秋葉原,2018/9/5,212005
秋葉原,2018/9/6,150619
秋葉原,2018/9/7,166840
秋葉原,2018/9/8,0
秋葉原,2018/9/9,0
秋葉原,2018/9/10,189007
秋葉原,2018/9/11,205557
秋葉原,2018/9/12,159142
秋葉原,2018/9/13,219990
秋葉原,2018/9/14,205318
秋葉原,2018/9/15,0
秋葉原,2018/9/16,0
秋葉原,2018/9/17,167759
秋葉原,2018/9/18,202214
秋葉原,2018/9/19,171692
秋葉原,2018/9/20,203446
秋葉原,2018/9/21,213787
秋葉原,2018/9/22,0
秋葉原,2018/9/23,0
秋葉原,2018/9/24,200205
秋葉原,2018/9/25,182910
秋葉原,2018/9/26,160366
秋葉原,2018/9/27,151525
秋葉原,2018/9/28,180525
秋葉原,2018/9/29,0
秋葉原,2018/9/30,0
秋葉原,2018/10/1,214648
秋葉原,2018/10/2,218110
秋葉原,2018/10/3,177210
秋葉原,2018/10/4,166518
秋葉原,2018/10/5,192542
秋葉原,2018/10/6,0
秋葉原,2018/10/7,0
秋葉原,2018/10/8,216784
秋葉原,2018/10/9,239492
秋葉原,2018/10/10,165372
秋葉原,2018/10/11,200638
秋葉原,2018/10/12,236179
秋葉原,2018/10/13,0
秋葉原,2018/10/14,0
秋葉原,2018/10/15,191380
秋葉原,2018/10/16,219386
秋葉原,2018/10/17,192040
秋葉原,2018/10/18,207087
秋葉原,2018/10/19,210045
秋葉原,2018/10/20,0
秋葉原,2018/10/21,0
秋葉原,2018/10/22,179349
秋葉原,2018/10/23,231574
秋葉原,2018/10/24,227387
秋葉原,2018/10/25,233248
秋葉原,2018/10/26,188326
秋葉原,2018/10/27,0
秋葉原,2018/10/28,0
秋葉原,2018/10/29,203518
秋葉原,2018/10/30,220664
秋葉原,2018/10/31,177894
秋葉原,2018/11/1,182235
秋葉原,2018/11/2,165583
秋葉原,2018/11/3,0
秋葉原,2018/11/4,0
秋葉原,2018/11/5,166478
秋葉原,2018/11/6,197750
秋葉原,2018/11/7,188208
秋葉原,2018/11/8,162008
秋葉原,2018/11/9,182836
秋葉原,2018/11/10,0
秋葉原,2018/11/11,0
秋葉原,2018/11/12,186074
秋葉原,2018/11/13,167204
秋葉原,2018/11/14,152821
秋葉原,2018/11/15,153880
秋葉原,2018/11/16,233049
秋葉原,2018/11/17,0
秋葉原,2018/11/18,0
秋葉原,2018/11/19,195890
秋葉原,2018/11/20,188065
秋葉原,2018/11/21,178503
秋葉原,2018/11/22,206326
秋葉原,2018/11/23,169979
秋葉原,2018/11/24,0
秋葉原,2018/11/25,0
秋葉原,2018/11/26,210722
秋葉原,2018/11/27,176630
秋葉原,2018/11/28,202688
秋葉原,2018/11/29,219517
秋葉原,2018/11/30,213050
秋葉原,2018/12/1,0
秋葉原,2018/12/2,0
秋葉原,2018/12/3,327497
秋葉原,2018/12/4,374007
秋葉原,2018/12/5,393616
秋葉原,2018/12/6,354166
秋葉原,2018/12/7,348452
秋葉原,2018/12/8,0
秋葉原,2018/12/9,0
秋葉原,2018/12/10,362838
秋葉原,2018/12/11,302621
秋葉原,2018/12/12,377139
秋葉原,2018/12/13,341224
秋葉原,2018/12/14,425644
秋葉原,2018/12/15,0
秋葉原,2018/12/16,0
秋葉原,2018/12/17,309823
秋葉原,2018/12/18,306482
秋葉原,2018/12/19,383050
秋葉原,2018/12/20,380109
秋葉原,2018/12/21,413186
秋葉原,2018/12/22,0
秋葉原,2018/12/23,0
秋葉原,2018/12/24,290113
秋葉原,2018/12/25,329196
秋葉原,2018/12/26,293322
秋葉原,2018/12/27,375895
秋葉原,2018/12/28,334323
秋葉原,2018/12/29,0
秋葉原,2018/12/30,0
秋葉原,2018/12/31,0
秋葉原,2019/1/1,0
秋葉原,2019/1/2,0
秋葉原,2019/1/3,0
秋葉原,2019/1/4,0
秋葉原,2019/1/5,0
秋葉原,2019/1/6,0
秋葉原,2019/1/7,186509
秋葉原,2019/1/8,214463
秋葉原,2019/1/9,162373
秋葉原,2019/1/10,200012
秋葉原,2019/1/11,190866
秋葉原,2019/1/12,0
秋葉原,2019/1/13,0
秋葉原,2019/1/14,164892
秋葉原,2019/1/15,161310
秋葉原,2019/1/16,194930
秋葉原,2019/1/17,214097
秋葉原,2019/1/18,229520
秋葉原,2019/1/19,0
秋葉原,2019/1/20,0
秋葉原,2019/1/21,211577
秋葉原,2019/1/22,175125
秋葉原,2019/1/23,210360
秋葉原,2019/1/24,176937
秋葉原,2019/1/25,234625
秋葉原,2019/1/26,0
秋葉原,2019/1/27,0
秋葉原,2019/1/28,207381
秋葉原,2019/1/29,214480
秋葉原,2019/1/30,163164
秋葉原,2019/1/31,164828
秋葉原,2019/2/1,190570
秋葉原,2019/2/2,0
秋葉原,2019/2/3,0
秋葉原,2019/2/4,149174
秋葉原,2019/2/5,186538
秋葉原,2019/2/6,193509
秋葉原,2019/2/7,193688
秋葉原,2019/2/8,174179
秋葉原,2019/2/9,0
秋葉原,2019/2/10,0
秋葉原,2019/2/11,147589
秋葉原,2019/2/12,190437
秋葉原,2019/2/13,189063
秋葉原,2019/2/14,163688
秋葉原,2019/2/15,215034
秋葉原,2019/2/16,0
秋葉原,2019/2/17,0
秋葉原,2019/2/18,185828
秋葉原,2019/2/19,174808
秋葉原,2019/2/20,137150
秋葉原,2019/2/21,187522
秋葉原,2019/2/22,195794
秋葉原,2019/2/23,0
秋葉原,2019/2/24,0
秋葉原,2019/2/25,178268
秋葉原,2019/2/26,145312
秋葉原,2019/2/27,160235
秋葉原,2019/2/28,150894
秋葉原,2019/3/1,301712
秋葉原,2019/3/2,0
秋葉原,2019/3/3,0
秋葉原,2019/3/4,211900
秋葉原,2019/3/5,276299
秋葉原,2019/3/6,229833
秋葉原,2019/3/7,218279
秋葉原,2019/3/8,230441
秋葉原,2019/3/9,0
秋葉原,2019/3/10,0
秋葉原,2019/3/11,231652
秋葉原,2019/3/12,285327
秋葉原,2019/3/13,224460
秋葉原,2019/3/14,265330
秋葉原,2019/3/15,243969
秋葉原,2019/3/16,0
秋葉原,2019/3/17,0
秋葉原,2019/3/18,197290
秋葉原,2019/3/19,199026
秋葉原,2019/3/20,235154
秋葉原,2019/3/21,280529
秋葉原,2019/3/22,282969
秋葉原,2019/3/23,0
秋葉原,2019/3/24,0
秋葉原,2019/3/25,195410
秋葉原,2019/3/26,249132
秋葉原,2019/3/27,248955
秋葉原,2019/3/28,222327
秋葉原,2019/3/29,245275
秋葉原,2019/3/30,0
秋葉原,2019/3/31,0
秋葉原,2019/4/1,278194
秋葉原,2019/4/2,258868
秋葉原,2019/4/3,233293
秋葉原,2019/4/4,295549
秋葉原,2019/4/5,262001
秋葉原,2019/4/6,0
秋葉原,2019/4/7,0
秋葉原,2019/4/8,290347
秋葉原,2019/4/9,259543
秋葉原,2019/4/10,261493
秋葉原,2019/4/11,319291
秋葉原,2019/4/12,251087
秋葉原,2019/4/13,0
秋葉原,2019/4/14,0
秋葉原,2019/4/15,243580
秋葉原,2019/4/16,255561
秋葉原,2019/4/17,233955
秋葉原,2019/4/18,288942
秋葉原,2019/4/19,354358
秋葉原,2019/4/20,0
秋葉原,2019/4/21,0
秋葉原,2019/4/22,248752
秋葉原,2019/4/23,228624
秋葉原,2019/4/24,286416
秋葉原,2019/4/25,302892
秋葉原,2019/4/26,347582
秋葉原,2019/4/27,0
秋葉原,2019/4/28,0
秋葉原,2019/4/29,254782
秋葉原,2019/4/30,236820
秋葉原,2019/5/1,166719
秋葉原,2019/5/2,131831
秋葉原,2019/5/3,159778
秋葉原,2019/5/4,0
秋葉原,2019/5/5,0
秋葉原,2019/5/6,146256
秋葉原,2019/5/7,126765
秋葉原,2019/5/8,161776
秋葉原,2019/5/9,143967
秋葉原,2019/5/10,138883
秋葉原,2019/5/11,0
秋葉原,2019/5/12,0
秋葉原,2019/5/13,138192
秋葉原,2019/5/14,164128
秋葉原,2019/5/15,175638
秋葉原,2019/5/16,138666
秋葉原,2019/5/17,180451
秋葉原,2019/5/18,0
秋葉原,2019/5/19,0
秋葉原,2019/5/20,132606
秋葉原,2019/5/21,149204
秋葉原,2019/5/22,153688
秋葉原,2019/5/23,123591
秋葉原,2019/5/24,146673
秋葉原,2019/5/25,0
秋葉原,2019/5/26,0
秋葉原,2019/5/27,173312
秋葉原,2019/5/28,122007
秋葉原,2019/5/29,161345
秋葉原,2019/5/30,169441
秋葉原,2019/5/31,142008
秋葉原,2019/6/1,0
秋葉原,2019/6/2,0
秋葉原,2019/6/3,142992
秋葉原,2019/6/4,135240
秋葉原,2019/6/5,186707
秋葉原,2019/6/6,189213
秋葉原,2019/6/7,217438
秋葉原,2019/6/8,0
秋葉原,2019/6/9,0
秋葉原,2019/6/10,155894
秋葉原,2019/6/11,155924
秋葉原,2019/6/12,152676
秋葉原,2019/6/13,163969
秋葉原,2019/6/14,207792
秋葉原,2019/6/15,0
秋葉原,2019/6/16,0
秋葉原,2019/6/17,188586
秋葉原,2019/6/18,158124
秋葉原,2019/6/19,189980
秋葉原,2019/6/20,164959
秋葉原,2019/6/21,215834
秋葉原,2019/6/22,0
秋葉原,2019/6/23,0
秋葉原,2019/6/24,163162
秋葉原,2019/6/25,166033
秋葉原,2019/6/26,154710
秋葉原,2019/6/27,182698
秋葉原,2019/6/28,156536
秋葉原,2019/6/29,0
秋葉原,2019/6/30,0
秋葉原,2019/7/1,152864
秋葉原,2019/7/2,135804
秋葉原,2019/7/3,121103
秋葉原,2019/7/4,154348
秋葉原,2019/7/5,183708
秋葉原,2019/7/6,0
秋葉原,2019/7/7,0
秋葉原,2019/7/8,173240
秋葉原,2019/7/9,132737
秋葉原,2019/7/10,132738
秋葉原,2019/7/11,142500
秋葉原,2019/7/12,160167
秋葉原,2019/7/13,0
秋葉原,2019/7/14,0
秋葉原,2019/7/15,157185
秋葉原,2019/7/16,158586
秋葉原,2019/7/17,175230
秋葉原,2019/7/18,168416
秋葉原,2019/7/19,182289
秋葉原,2019/7/20,0
秋葉原,2019/7/21,0
秋葉原,2019/7/22,158553
秋葉原,2019/7/23,128152
秋葉原,2019/7/24,162396
秋葉原,2019/7/25,170748
秋葉原,2019/7/26,169862
秋葉原,2019/7/27,0
秋葉原,2019/7/28,0
秋葉原,2019/7/29,167760
秋葉原,2019/7/30,164143
秋葉原,2019/7/31,172288
秋葉原,2019/8/1,115201
秋葉原,2019/8/2,150294
秋葉原,2019/8/3,0
秋葉原,2019/8/4,0
秋葉原,2019/8/5,107382
秋葉原,2019/8/6,142503
秋葉原,2019/8/7,148339
秋葉原,2019/8/8,130956
秋葉原,2019/8/9,133623
秋葉原,2019/8/10,0
秋葉原,2019/8/11,0
秋葉原,2019/8/12,116001
秋葉原,2019/8/13,153300
秋葉原,2019/8/14,145878
秋葉原,2019/8/15,135333
秋葉原,2019/8/16,147202
秋葉原,2019/8/17,0
秋葉原,2019/8/18,0
秋葉原,2019/8/19,125668
秋葉原,2019/8/20,113945
秋葉原,2019/8/21,119777
秋葉原,2019/8/22,143924
秋葉原,2019/8/23,117917
秋葉原,2019/8/24,0
秋葉原,2019/8/25,0
秋葉原,2019/8/26,137509
秋葉原,2019/8/27,116736
秋葉原,2019/8/28,140751
秋葉原,2019/8/29,129378
秋葉原,2019/8/30,138479
秋葉原,2019/8/31,0
秋葉原,2019/9/1,0
秋葉原,2019/9/2,195272
秋葉原,2019/9/3,194534
秋葉原,2019/9/4,174683
秋葉原,2019/9/5,176536
秋葉原,2019/9/6,209937
秋葉原,2019/9/7,0
秋葉原,2019/9/8,0
秋葉原,2019/9/9,216726
秋葉原,2019/9/10,217392
秋葉原,2019/9/11,179886
秋葉原,2019/9/12,218712
秋葉原,2019/9/13,224614
秋葉原,2019/9/14,0
秋葉原,2019/9/15,0
秋葉原,2019/9/16,188215
秋葉原,2019/9/17,210090
秋葉原,2019/9/18,157441
秋葉原,2019/9/19,189835
秋葉原,2019/9/20,167263
秋葉原,2019/9/21,0
秋葉原,2019/9/22,0
秋葉原,2019/9/23,196077
秋葉原,2019/9/24,150848
秋葉原,2019/9/25,182292
秋葉原,2019/9/26,152597
秋葉原,2019/9/27,214045
秋葉原,2019/9/28,0
秋葉原,2019/9/29,0
秋葉原,2019/9/30,188738
秋葉原,2019/10/1,224384
秋葉原,2019/10/2,187658
秋葉原,2019/10/3,196804
秋葉原,2019/10/4,218184
秋葉原,2019/10/5,0
秋葉原,2019/10/6,0
秋葉原,2019/10/7,197470
秋葉原,2019/10/8,207199
秋葉原,2019/10/9,229159
秋葉原,2019/10/10,215310
秋葉原,2019/10/11,253565
秋葉原,2019/10/12,0
秋葉原,2019/10/13,0
秋葉原,2019/10/14,237680
秋葉原,2019/10/15,228376
秋葉原,2019/10/16,183648
秋葉原,2019/10/17,224959
秋葉原,2019/10/18,213373
秋葉原,2019/10/19,0
秋葉原,2019/10/20,0
秋葉原,2019/10/21,194306
秋葉原,2019/10/22,198306
秋葉原,2019/10/23,186752
秋葉原,2019/10/24,186162
秋葉原,2019/10/25,182299
秋葉原,2019/10/26,0
秋葉原,2019/10/27,0
秋葉原,2019/10/28,201220
秋葉原,2019/10/29,173622
秋葉原,2019/10/30,238846
秋葉原,2019/10/31,241718
秋葉原,2019/11/1,196649
秋葉原,2019/11/2,0
秋葉原,2019/11/3,0
秋葉原,2019/11/4,215355
秋葉原,2019/11/5,204577
秋葉原,2019/11/6,182879
秋葉原,2019/11/7,179564
秋葉原,2019/11/8,206009
秋葉原,2019/11/9,0
秋葉原,2019/11/10,0
秋葉原,2019/11/11,174575
秋葉原,2019/11/12,160793
秋葉原,2019/11/13,189479
秋葉原,2019/11/14,156710
秋葉原,2019/11/15,209014
秋葉原,2019/11/16,0
秋葉原,2019/11/17,0
秋葉原,2019/11/18,175958
秋葉原,2019/11/19,215555
秋葉原,2019/11/20,157480
秋葉原,2019/11/21,219087
秋葉原,2019/11/22,240843
秋葉原,2019/11/23,0
秋葉原,2019/11/24,0
秋葉原,2019/11/25,208138
秋葉原,2019/11/26,151915
秋葉原,2019/11/27,198891
秋葉原,2019/11/28,151183
秋葉原,2019/11/29,229339
秋葉原,2019/11/30,0
秋葉原,2019/12/1,0
秋葉原,2019/12/2,383977
秋葉原,2019/12/3,352053
秋葉原,2019/12/4,332407
秋葉原,2019/12/5,303732
秋葉原,2019/12/6,397098
秋葉原,2019/12/7,0
秋葉原,2019/12/8,0
秋葉原,2019/12/9,328217
秋葉原,2019/12/10,354778
秋葉原,2019/12/11,383139
秋葉原,2019/12/12,285917
秋葉原,2019/12/13,414390
秋葉原,2019/12/14,0
秋葉原,2019/12/15,0
秋葉原,2019/12/16,296445
秋葉原,2019/12/17,368654
秋葉原,2019/12/18,311776
秋葉原,2019/12/19,284288
秋葉原,2019/12/20,380203
秋葉原,2019/12/21,0
秋葉原,2019/12/22,0
秋葉原,2019/12/23,346622
秋葉原,2019/12/24,296339
秋葉原,2019/12/25,290138
秋葉原,2019/12/26,369685
秋葉原,2019/12/27,406046
秋葉原,2019/12/28,0
秋葉原,2019/12/29,0
秋葉原,2019/12/30,0
秋葉原,2019/12/31,0
吉祥寺,2018/1/1,0
吉祥寺,2018/1/2,0
吉祥寺,2018/1/3,0
吉祥寺,2018/1/4,0
吉祥寺,2018/1/5,0
吉祥寺,2018/1/6,0
吉祥寺,2018/1/7,0
吉祥寺,2018/1/8,183540
吉祥寺,2018/1/9,150325
吉祥寺,2018/1/10,188855
吉祥寺,2018/1/11,195099
吉祥寺,2018/1/12,165827
吉祥寺,2018/1/13,0
吉祥寺,2018/1/14,0
吉祥寺,2018/1/15,187899
吉祥寺,2018/1/16,191439
吉祥寺,2018/1/17,166559
吉祥寺,2018/1/18,196261
吉祥寺,2018/1/19,198315
吉祥寺,2018/1/20,0
吉祥寺,2018/1/21,0
吉祥寺,2018/1/22,150435
吉祥寺,2018/1/23,177421
吉祥寺,2018/1/24,194322
吉祥寺,2018/1/25,189509
吉祥寺,2018/1/26,196824
吉祥寺,2018/1/27,0
吉祥寺,2018/1/28,0
吉祥寺,2018/1/29,162359
吉祥寺,2018/1/30,185654
吉祥寺,2018/1/31,186164
吉祥寺,2018/2/1,146543
吉祥寺,2018/2/2,181445
吉祥寺,2018/2/3,0
吉祥寺,2018/2/4,0
吉祥寺,2018/2/5,169580
吉祥寺,2018/2/6,169231
吉祥寺,2018/2/7,155375
吉祥寺,2018/2/8,139965
吉祥寺,2018/2/9,158214
吉祥寺,2018/2/10,0
吉祥寺,2018/2/11,0
吉祥寺,2018/2/12,171457
吉祥寺,2018/2/13,151972
吉祥寺,2018/2/14,137623
吉祥寺,2018/2/15,138627
吉祥寺,2018/2/16,150579
吉祥寺,2018/2/17,0
吉祥寺,2018/2/18,0
吉祥寺,2018/2/19,153996
吉祥寺,2018/2/20,155842
吉祥寺,2018/2/21,139059
吉祥寺,2018/2/22,161943
吉祥寺,2018/2/23,184801
吉祥寺,2018/2/24,0
吉祥寺,2018/2/25,0
吉祥寺,2018/2/26,141244
吉祥寺,2018/2/27,161199
吉祥寺,2018/2/28,137450
吉祥寺,2018/3/1,242056
吉祥寺,2018/3/2,234208
吉祥寺,2018/3/3,0
吉祥寺,2018/3/4,0
吉祥寺,2018/3/5,206752
吉祥寺,2018/3/6,207223
吉祥寺,2018/3/7,223007
吉祥寺,2018/3/8,245494
吉祥寺,2018/3/9,252170
吉祥寺,2018/3/10,0
吉祥寺,2018/3/11,0
吉祥寺,2018/3/12,207370
吉祥寺,2018/3/13,212569
吉祥寺,2018/3/14,230783
吉祥寺,2018/3/15,233724
吉祥寺,2018/3/16,217634
吉祥寺,2018/3/17,0
吉祥寺,2018/3/18,0
吉祥寺,2018/3/19,196012
吉祥寺,2018/3/20,234598
吉祥寺,2018/3/21,246732
吉祥寺,2018/3/22,225453
吉祥寺,2018/3/23,216314
吉祥寺,2018/3/24,0
吉祥寺,2018/3/25,0
吉祥寺,2018/3/26,195023
吉祥寺,2018/3/27,249592
吉祥寺,2018/3/28,224627
吉祥寺,2018/3/29,253919
吉祥寺,2018/3/30,232397
吉祥寺,2018/3/31,0
吉祥寺,2018/4/1,0
吉祥寺,2018/4/2,283867
吉祥寺,2018/4/3,228960
吉祥寺,2018/4/4,250494
吉祥寺,2018/4/5,238267
吉祥寺,2018/4/6,275388
吉祥寺,2018/4/7,0
吉祥寺,2018/4/8,0
吉祥寺,2018/4/9,276292
吉祥寺,2018/4/10,281509
吉祥寺,2018/4/11,238188
吉祥寺,2018/4/12,259698
吉祥寺,2018/4/13,296420
吉祥寺,2018/4/14,0
吉祥寺,2018/4/15,0
吉祥寺,2018/4/16,281073
吉祥寺,2018/4/17,294697
吉祥寺,2018/4/18,234981
吉祥寺,2018/4/19,281386
吉祥寺,2018/4/20,249209
吉祥寺,2018/4/21,0
吉祥寺,2018/4/22,0
吉祥寺,2018/4/23,282069
吉祥寺,2018/4/24,262765
吉祥寺,2018/4/25,231244
吉祥寺,2018/4/26,299775
吉祥寺,2018/4/27,284588
吉祥寺,2018/4/28,0
吉祥寺,2018/4/29,0
吉祥寺,2018/4/30,296097
吉祥寺,2018/5/1,136198
吉祥寺,2018/5/2,153631
吉祥寺,2018/5/3,128935
吉祥寺,2018/5/4,133343
吉祥寺,2018/5/5,0
吉祥寺,2018/5/6,0
吉祥寺,2018/5/7,141919
吉祥寺,2018/5/8,131428
吉祥寺,2018/5/9,130024
吉祥寺,2018/5/10,157988
吉祥寺,2018/5/11,147561
吉祥寺,2018/5/12,0
吉祥寺,2018/5/13,0
吉祥寺,2018/5/14,127132
吉祥寺,2018/5/15,152793
吉祥寺,2018/5/16,132472
吉祥寺,2018/5/17,131740
吉祥寺,2018/5/18,159912
吉祥寺,2018/5/19,0
吉祥寺,2018/5/20,0
吉祥寺,2018/5/21,132645
吉祥寺,2018/5/22,155463
吉祥寺,2018/5/23,128460
吉祥寺,2018/5/24,142844
吉祥寺,2018/5/25,158301
吉祥寺,2018/5/26,0
吉祥寺,2018/5/27,0
吉祥寺,2018/5/28,158472
吉祥寺,2018/5/29,148238
吉祥寺,2018/5/30,138639
吉祥寺,2018/5/31,156965
吉祥寺,2018/6/1,184305
吉祥寺,2018/6/2,0
吉祥寺,2018/6/3,0
吉祥寺,2018/6/4,166248
吉祥寺,2018/6/5,171908
吉祥寺,2018/6/6,150867
吉祥寺,2018/6/7,159147
吉祥寺,2018/6/8,158260
吉祥寺,2018/6/9,0
吉祥寺,2018/6/10,0
吉祥寺,2018/6/11,170949
吉祥寺,2018/6/12,154603
吉祥寺,2018/6/13,170911
吉祥寺,2018/6/14,177439
吉祥寺,2018/6/15,180868
吉祥寺,2018/6/16,0
吉祥寺,2018/6/17,0
吉祥寺,2018/6/18,174889
吉祥寺,2018/6/19,175233
吉祥寺,2018/6/20,163747
吉祥寺,2018/6/21,137640
吉祥寺,2018/6/22,172660
吉祥寺,2018/6/23,0
吉祥寺,2018/6/24,0
吉祥寺,2018/6/25,137456
吉祥寺,2018/6/26,136477
吉祥寺,2018/6/27,175221
吉祥寺,2018/6/28,177276
吉祥寺,2018/6/29,185518
吉祥寺,2018/6/30,0
吉祥寺,2018/7/1,0
吉祥寺,2018/7/2,125559
吉祥寺,2018/7/3,121413
吉祥寺,2018/7/4,126288
吉祥寺,2018/7/5,136391
吉祥寺,2018/7/6,142310
吉祥寺,2018/7/7,0
吉祥寺,2018/7/8,0
吉祥寺,2018/7/9,127672
吉祥寺,2018/7/10,134378
吉祥寺,2018/7/11,138411
吉祥寺,2018/7/12,154903
吉祥寺,2018/7/13,143326
吉祥寺,2018/7/14,0
吉祥寺,2018/7/15,0
吉祥寺,2018/7/16,138640
吉祥寺,2018/7/17,127956
吉祥寺,2018/7/18,159524
吉祥寺,2018/7/19,152590
吉祥寺,2018/7/20,145617
吉祥寺,2018/7/21,0
吉祥寺,2018/7/22,0
吉祥寺,2018/7/23,140672
吉祥寺,2018/7/24,128386
吉祥寺,2018/7/25,156917
吉祥寺,2018/7/26,149680
吉祥寺,2018/7/27,150590
吉祥寺,2018/7/28,0
吉祥寺,2018/7/29,0
吉祥寺,2018/7/30,123176
吉祥寺,2018/7/31,123733
吉祥寺,2018/8/1,105317
吉祥寺,2018/8/2,138109
吉祥寺,2018/8/3,140115
吉祥寺,2018/8/4,0
吉祥寺,2018/8/5,0
吉祥寺,2018/8/6,112049
吉祥寺,2018/8/7,119853
吉祥寺,2018/8/8,123057
吉祥寺,2018/8/9,110177
吉祥寺,2018/8/10,152549
吉祥寺,2018/8/11,0
吉祥寺,2018/8/12,0
吉祥寺,2018/8/13,128959
吉祥寺,2018/8/14,106481
吉祥寺,2018/8/15,115242
吉祥寺,2018/8/16,138694
吉祥寺,2018/8/17,143756
吉祥寺,2018/8/18,0
吉祥寺,2018/8/19,0
吉祥寺,2018/8/20,118612
吉祥寺,2018/8/21,105506
吉祥寺,2018/8/22,131762
吉祥寺,2018/8/23,106054
吉祥寺,2018/8/24,130575
吉祥寺,2018/8/25,0
吉祥寺,2018/8/26,0
吉祥寺,2018/8/27,127628
吉祥寺,2018/8/28,119849
吉祥寺,2018/8/29,124697
吉祥寺,2018/8/30,122070
吉祥寺,2018/8/31,141515
吉祥寺,2018/9/1,0
吉祥寺,2018/9/2,0
吉祥寺,2018/9/3,198038
吉祥寺,2018/9/4,162526
吉祥寺,2018/9/5,199353
吉祥寺,2018/9/6,179908
吉祥寺,2018/9/7,173173
吉祥寺,2018/9/8,0
吉祥寺,2018/9/9,0
吉祥寺,2018/9/10,179871
吉祥寺,2018/9/11,173899
吉祥寺,2018/9/12,184220
吉祥寺,2018/9/13,191528
吉祥寺,2018/9/14,170242
吉祥寺,2018/9/15,0
吉祥寺,2018/9/16,0
吉祥寺,2018/9/17,157824
吉祥寺,2018/9/18,194092
吉祥寺,2018/9/19,165617
吉祥寺,2018/9/20,191989
吉祥寺,2018/9/21,195330
吉祥寺,2018/9/22,0
吉祥寺,2018/9/23,0
吉祥寺,2018/9/24,153740
吉祥寺,2018/9/25,157791
吉祥寺,2018/9/26,160465
吉祥寺,2018/9/27,166277
吉祥寺,2018/9/28,210554
吉祥寺,2018/9/29,0
吉祥寺,2018/9/30,0
吉祥寺,2018/10/1,196868
吉祥寺,2018/10/2,207808
吉祥寺,2018/10/3,217170
吉祥寺,2018/10/4,216206
吉祥寺,2018/10/5,216446
吉祥寺,2018/10/6,0
吉祥寺,2018/10/7,0
吉祥寺,2018/10/8,203232
吉祥寺,2018/10/9,207396
吉祥寺,2018/10/10,173974
吉祥寺,2018/10/11,200800
吉祥寺,2018/10/12,184504
吉祥寺,2018/10/13,0
吉祥寺,2018/10/14,0
吉祥寺,2018/10/15,197223
吉祥寺,2018/10/16,209533
吉祥寺,2018/10/17,183451
吉祥寺,2018/10/18,184027
吉祥寺,2018/10/19,191722
吉祥寺,2018/10/20,0
吉祥寺,2018/10/21,0
吉祥寺,2018/10/22,171717
吉祥寺,2018/10/23,215495
吉祥寺,2018/10/24,170919
吉祥寺,2018/10/25,182399
吉祥寺,2018/10/26,223448
吉祥寺,2018/10/27,0
吉祥寺,2018/10/28,0
吉祥寺,2018/10/29,167665
吉祥寺,2018/10/30,170960
吉祥寺,2018/10/31,177651
吉祥寺,2018/11/1,176199
吉祥寺,2018/11/2,209095
吉祥寺,2018/11/3,0
吉祥寺,2018/11/4,0
吉祥寺,2018/11/5,184356
吉祥寺,2018/11/6,160491
吉祥寺,2018/11/7,194981
吉祥寺,2018/11/8,196255
吉祥寺,2018/11/9,212221
吉祥寺,2018/11/10,0
吉祥寺,2018/11/11,0
吉祥寺,2018/11/12,163568
吉祥寺,2018/11/13,188166
吉祥寺,2018/11/14,174759
吉祥寺,2018/11/15,193149
吉祥寺,2018/11/16,199461
吉祥寺,2018/11/17,0
吉祥寺,2018/11/18,0
吉祥寺,2018/11/19,199039
吉祥寺,2018/11/20,169089
吉祥寺,2018/11/21,157593
吉祥寺,2018/11/22,188979
吉祥寺,2018/11/23,168775
吉祥寺,2018/11/24,0
吉祥寺,2018/11/25,0
吉祥寺,2018/11/26,158255
吉祥寺,2018/11/27,174508
吉祥寺,2018/11/28,190620
吉祥寺,2018/11/29,179825
吉祥寺,2018/11/30,192424
吉祥寺,2018/12/1,0
吉祥寺,2018/12/2,0
吉祥寺,2018/12/3,315486
吉祥寺,2018/12/4,326174
吉祥寺,2018/12/5,321602
吉祥寺,2018/12/6,307312
吉祥寺,2018/12/7,365757
吉祥寺,2018/12/8,0
吉祥寺,2018/12/9,0
吉祥寺,2018/12/10,292064
吉祥寺,2018/12/11,338974
吉祥寺,2018/12/12,329081
吉祥寺,2018/12/13,286257
吉祥寺,2018/12/14,384415
吉祥寺,2018/12/15,0
吉祥寺,2018/12/16,0
吉祥寺,2018/12/17,290415
吉祥寺,2018/12/18,302020
吉祥寺,2018/12/19,309567
吉祥寺,2018/12/20,313675
吉祥寺,2018/12/21,329836
吉祥寺,2018/12/22,0
吉祥寺,2018/12/23,0
吉祥寺,2018/12/24,311934
吉祥寺,2018/12/25,355525
吉祥寺,2018/12/26,343548
吉祥寺,2018/12/27,353502
吉祥寺,2018/12/28,391675
吉祥寺,2018/12/29,0
吉祥寺,2018/12/30,0
吉祥寺,2018/12/31,0
吉祥寺,2019/1/1,0
吉祥寺,2019/1/2,0
吉祥寺,2019/1/3,0
吉祥寺,2019/1/4,0
吉祥寺,2019/1/5,0
吉祥寺,2019/1/6,0
吉祥寺,2019/1/7,178195
吉祥寺,2019/1/8,192012
吉祥寺,2019/1/9,166615
吉祥寺,2019/1/10,166352
吉祥寺,2019/1/11,209848
吉祥寺,2019/1/12,0
吉祥寺,2019/1/13,0
吉祥寺,2019/1/14,162695
吉祥寺,2019/1/15,160445
吉祥寺,2019/1/16,193571
吉祥寺,2019/1/17,182151
吉祥寺,2019/1/18,178208
吉祥寺,2019/1/19,0
吉祥寺,2019/1/20,0
吉祥寺,2019/1/21,175444
吉祥寺,2019/1/22,157963
吉祥寺,2019/1/23,191943
吉祥寺,2019/1/24,179341
吉祥寺,2019/1/25,171867
吉祥寺,2019/1/26,0
吉祥寺,2019/1/27,0
吉祥寺,2019/1/28,174740
吉祥寺,2019/1/29,199333
吉祥寺,2019/1/30,176488
吉祥寺,2019/1/31,161193
吉祥寺,2019/2/1,176508
吉祥寺,2019/2/2,0
吉祥寺,2019/2/3,0
吉祥寺,2019/2/4,140371
吉祥寺,2019/2/5,154464
吉祥寺,2019/2/6,146789
吉祥寺,2019/2/7,167324
吉祥寺,2019/2/8,160942
吉祥寺,2019/2/9,0
吉祥寺,2019/2/10,0
吉祥寺,2019/2/11,178807
吉祥寺,2019/2/12,164220
吉祥寺,2019/2/13,172194
吉祥寺,2019/2/14,162150
吉祥寺,2019/2/15,191507
吉祥寺,2019/2/16,0
吉祥寺,2019/2/17,0
吉祥寺,2019/2/18,171603
吉祥寺,2019/2/19,172321
吉祥寺,2019/2/20,161190
吉祥寺,2019/2/21,177891
吉祥寺,2019/2/22,148631
吉祥寺,2019/2/23,0
吉祥寺,2019/2/24,0
吉祥寺,2019/2/25,160221
吉祥寺,2019/2/26,141329
吉祥寺,2019/2/27,179155
吉祥寺,2019/2/28,145834
吉祥寺,2019/3/1,272798
吉祥寺,2019/3/2,0
吉祥寺,2019/3/3,0
吉祥寺,2019/3/4,249237
吉祥寺,2019/3/5,197337
吉祥寺,2019/3/6,207444
吉祥寺,2019/3/7,228107
吉祥寺,2019/3/8,236065
吉祥寺,2019/3/9,0
吉祥寺,2019/3/10,0
吉祥寺,2019/3/11,259555
吉祥寺,2019/3/12,230678
吉祥寺,2019/3/13,200058
吉祥寺,2019/3/14,212548
吉祥寺,2019/3/15,238382
吉祥寺,2019/3/16,0
吉祥寺,2019/3/17,0
吉祥寺,2019/3/18,243379
吉祥寺,2019/3/19,239522
吉祥寺,2019/3/20,217350
吉祥寺,2019/3/21,218596
吉祥寺,2019/3/22,267332
吉祥寺,2019/3/23,0
吉祥寺,2019/3/24,0
吉祥寺,2019/3/25,195592
吉祥寺,2019/3/26,219472
吉祥寺,2019/3/27,256166
吉祥寺,2019/3/28,257496
吉祥寺,2019/3/29,248152
吉祥寺,2019/3/30,0
吉祥寺,2019/3/31,0
吉祥寺,2019/4/1,242425
吉祥寺,2019/4/2,298443
吉祥寺,2019/4/3,282300
吉祥寺,2019/4/4,299919
吉祥寺,2019/4/5,249179
吉祥寺,2019/4/6,0
吉祥寺,2019/4/7,0
吉祥寺,2019/4/8,295668
吉祥寺,2019/4/9,239014
吉祥寺,2019/4/10,240132
吉祥寺,2019/4/11,244399
吉祥寺,2019/4/12,325818
吉祥寺,2019/4/13,0
吉祥寺,2019/4/14,0
吉祥寺,2019/4/15,246634
吉祥寺,2019/4/16,233886
吉祥寺,2019/4/17,293811
吉祥寺,2019/4/18,247345
吉祥寺,2019/4/19,314541
吉祥寺,2019/4/20,0
吉祥寺,2019/4/21,0
吉祥寺,2019/4/22,246382
吉祥寺,2019/4/23,297741
吉祥寺,2019/4/24,232341
吉祥寺,2019/4/25,258585
吉祥寺,2019/4/26,286671
吉祥寺,2019/4/27,0
吉祥寺,2019/4/28,0
吉祥寺,2019/4/29,254449
吉祥寺,2019/4/30,282232
吉祥寺,2019/5/1,150109
吉祥寺,2019/5/2,122970
吉祥寺,2019/5/3,154576
吉祥寺,2019/5/4,0
吉祥寺,2019/5/5,0
吉祥寺,2019/5/6,130100
吉祥寺,2019/5/7,154612
吉祥寺,2019/5/8,123709
吉祥寺,2019/5/9,131686
吉祥寺,2019/5/10,148622
吉祥寺,2019/5/11,0
吉祥寺,2019/5/12,0
吉祥寺,2019/5/13,154241
吉祥寺,2019/5/14,128893
吉祥寺,2019/5/15,145469
吉祥寺,2019/5/16,154486
吉祥寺,2019/5/17,170129
吉祥寺,2019/5/18,0
吉祥寺,2019/5/19,0
吉祥寺,2019/5/20,152340
吉祥寺,2019/5/21,152827
吉祥寺,2019/5/22,141012
吉祥寺,2019/5/23,130175
吉祥寺,2019/5/24,153460
吉祥寺,2019/5/25,0
吉祥寺,2019/5/26,0
吉祥寺,2019/5/27,124229
吉祥寺,2019/5/28,127338
吉祥寺,2019/5/29,132712
吉祥寺,2019/5/30,148642
吉祥寺,2019/5/31,161147
吉祥寺,2019/6/1,0
吉祥寺,2019/6/2,0
吉祥寺,2019/6/3,147921
吉祥寺,2019/6/4,168264
吉祥寺,2019/6/5,146732
吉祥寺,2019/6/6,178634
吉祥寺,2019/6/7,179908
吉祥寺,2019/6/8,0
吉祥寺,2019/6/9,0
吉祥寺,2019/6/10,165465
吉祥寺,2019/6/11,154777
吉祥寺,2019/6/12,176531
吉祥寺,2019/6/13,136314
吉祥寺,2019/6/14,162986
吉祥寺,2019/6/15,0
吉祥寺,2019/6/16,0
吉祥寺,2019/6/17,141205
吉祥寺,2019/6/18,145813
吉祥寺,2019/6/19,141186
吉祥寺,2019/6/20,149747
吉祥寺,2019/6/21,164403
吉祥寺,2019/6/22,0
吉祥寺,2019/6/23,0
吉祥寺,2019/6/24,146189
吉祥寺,2019/6/25,154597
吉祥寺,2019/6/26,138783
吉祥寺,2019/6/27,142445
吉祥寺,2019/6/28,185154
吉祥寺,2019/6/29,0
吉祥寺,2019/6/30,0
吉祥寺,2019/7/1,124501
吉祥寺,2019/7/2,149557
吉祥寺,2019/7/3,158260
吉祥寺,2019/7/4,158303
吉祥寺,2019/7/5,150560
吉祥寺,2019/7/6,0
吉祥寺,2019/7/7,0
吉祥寺,2019/7/8,146522
吉祥寺,2019/7/9,125364
吉祥寺,2019/7/10,132382
吉祥寺,2019/7/11,134760
吉祥寺,2019/7/12,137908
吉祥寺,2019/7/13,0
吉祥寺,2019/7/14,0
吉祥寺,2019/7/15,159949
吉祥寺,2019/7/16,159685
吉祥寺,2019/7/17,148232
吉祥寺,2019/7/18,136434
吉祥寺,2019/7/19,135555
吉祥寺,2019/7/20,0
吉祥寺,2019/7/21,0
吉祥寺,2019/7/22,132921
吉祥寺,2019/7/23,131580
吉祥寺,2019/7/24,154144
吉祥寺,2019/7/25,126164
吉祥寺,2019/7/26,147428
吉祥寺,2019/7/27,0
吉祥寺,2019/7/28,0
吉祥寺,2019/7/29,127556
吉祥寺,2019/7/30,136110
吉祥寺,2019/7/31,123383
吉祥寺,2019/8/1,128328
吉祥寺,2019/8/2,140979
吉祥寺,2019/8/3,0
吉祥寺,2019/8/4,0
吉祥寺,2019/8/5,128347
吉祥寺,2019/8/6,111061
吉祥寺,2019/8/7,116824
吉祥寺,2019/8/8,136942
吉祥寺,2019/8/9,143588
吉祥寺,2019/8/10,0
吉祥寺,2019/8/11,0
吉祥寺,2019/8/12,122119
吉祥寺,2019/8/13,105127
吉祥寺,2019/8/14,136148
吉祥寺,2019/8/15,128949
吉祥寺,2019/8/16,132569
吉祥寺,2019/8/17,0
吉祥寺,2019/8/18,0
吉祥寺,2019/8/19,139356
吉祥寺,2019/8/20,115507
吉祥寺,2019/8/21,111358
吉祥寺,2019/8/22,117848
吉祥寺,2019/8/23,118261
吉祥寺,2019/8/24,0
吉祥寺,2019/8/25,0
吉祥寺,2019/8/26,127549
吉祥寺,2019/8/27,112023
吉祥寺,2019/8/28,123569
吉祥寺,2019/8/29,106217
吉祥寺,2019/8/30,134114
吉祥寺,2019/8/31,0
吉祥寺,2019/9/1,0
吉祥寺,2019/9/2,198096
吉祥寺,2019/9/3,168869
吉祥寺,2019/9/4,170491
吉祥寺,2019/9/5,193387
吉祥寺,2019/9/6,189807
吉祥寺,2019/9/7,0
吉祥寺,2019/9/8,0
吉祥寺,2019/9/9,151555
吉祥寺,2019/9/10,153335
吉祥寺,2019/9/11,191681
吉祥寺,2019/9/12,193547
吉祥寺,2019/9/13,167737
吉祥寺,2019/9/14,0
吉祥寺,2019/9/15,0
吉祥寺,2019/9/16,172851
吉祥寺,2019/9/17,161915
吉祥寺,2019/9/18,151708
吉祥寺,2019/9/19,166284
吉祥寺,2019/9/20,207864
吉祥寺,2019/9/21,0
吉祥寺,2019/9/22,0
吉祥寺,2019/9/23,186203
吉祥寺,2019/9/24,150854
吉祥寺,2019/9/25,181203
吉祥寺,2019/9/26,179626
吉祥寺,2019/9/27,200416
吉祥寺,2019/9/28,0
吉祥寺,2019/9/29,0
吉祥寺,2019/9/30,167336
吉祥寺,2019/10/1,166940
吉祥寺,2019/10/2,181892
吉祥寺,2019/10/3,187731
吉祥寺,2019/10/4,218299
吉祥寺,2019/10/5,0
吉祥寺,2019/10/6,0
吉祥寺,2019/10/7,205267
吉祥寺,2019/10/8,217107
吉祥寺,2019/10/9,209248
吉祥寺,2019/10/10,188735
吉祥寺,2019/10/11,234565
吉祥寺,2019/10/12,0
吉祥寺,2019/10/13,0
吉祥寺,2019/10/14,214045
吉祥寺,2019/10/15,211070
吉祥寺,2019/10/16,171373
吉祥寺,2019/10/17,219292
吉祥寺,2019/10/18,238288
吉祥寺,2019/10/19,0
吉祥寺,2019/10/20,0
吉祥寺,2019/10/21,192402
吉祥寺,2019/10/22,174351
吉祥寺,2019/10/23,208908
吉祥寺,2019/10/24,182006
吉祥寺,2019/10/25,234153
吉祥寺,2019/10/26,0
吉祥寺,2019/10/27,0
吉祥寺,2019/10/28,205049
吉祥寺,2019/10/29,201106
吉祥寺,2019/10/30,177087
吉祥寺,2019/10/31,201803
吉祥寺,2019/11/1,183520
吉祥寺,2019/11/2,0
吉祥寺,2019/11/3,0
吉祥寺,2019/11/4,187069
吉祥寺,2019/11/5,174583
吉祥寺,2019/11/6,152849
吉祥寺,2019/11/7,189839
吉祥寺,2019/11/8,219758
吉祥寺,2019/11/9,0
吉祥寺,2019/11/10,0
吉祥寺,2019/11/11,172996
吉祥寺,2019/11/12,174016
吉祥寺,2019/11/13,152942
吉祥寺,2019/11/14,164934
吉祥寺,2019/11/15,172498
吉祥寺,2019/11/16,0
吉祥寺,2019/11/17,0
吉祥寺,2019/11/18,153273
吉祥寺,2019/11/19,184558
吉祥寺,2019/11/20,185394
吉祥寺,2019/11/21,150306
吉祥寺,2019/11/22,187013
吉祥寺,2019/11/23,0
吉祥寺,2019/11/24,0
吉祥寺,2019/11/25,194221
吉祥寺,2019/11/26,173755
吉祥寺,2019/11/27,192667
吉祥寺,2019/11/28,181077
吉祥寺,2019/11/29,218347
吉祥寺,2019/11/30,0
吉祥寺,2019/12/1,0
吉祥寺,2019/12/2,304484
吉祥寺,2019/12/3,271891
吉祥寺,2019/12/4,323481
吉祥寺,2019/12/5,354686
吉祥寺,2019/12/6,367864
吉祥寺,2019/12/7,0
吉祥寺,2019/12/8,0
吉祥寺,2019/12/9,280501
吉祥寺,2019/12/10,287564
吉祥寺,2019/12/11,330053
吉祥寺,2019/12/12,285231
吉祥寺,2019/12/13,367814
吉祥寺,2019/12/14,0
吉祥寺,2019/12/15,0
吉祥寺,2019/12/16,330881
吉祥寺,2019/12/17,302355
吉祥寺,2019/12/18,271539
吉祥寺,2019/12/19,324869
吉祥寺,2019/12/20,386709
吉祥寺,2019/12/21,0
吉祥寺,2019/12/22,0
吉祥寺,2019/12/23,317028
吉祥寺,2019/12/24,348363
吉祥寺,2019/12/25,306941
吉祥寺,2019/12/26,281971
吉祥寺,2019/12/27,307080
吉祥寺,2019/12/28,0
吉祥寺,2019/12/29,0
吉祥寺,2019/12/30,0
吉祥寺,2019/12/31,0
葛西,2018/1/1,0
葛西,2018/1/2,0
葛西,2018/1/3,0
葛西,2018/1/4,0
葛西,2018/1/5,0
葛西,2018/1/6,0
葛西,2018/1/7,0
葛西,2018/1/8,132264
葛西,2018/1/9,136112
葛西,2018/1/10,125779
葛西,2018/1/11,86452
葛西,2018/1/12,164033
葛西,2018/1/13,0
葛西,2018/1/14,0
葛西,2018/1/15,137574
葛西,2018/1/16,133040
葛西,2018/1/17,136974
葛西,2018/1/18,142529
葛西,2018/1/19,156052
葛西,2018/1/20,0
葛西,2018/1/21,0
葛西,2018/1/22,139530
葛西,2018/1/23,109637
葛西,2018/1/24,96040
葛西,2018/1/25,80330
葛西,2018/1/26,160806
葛西,2018/1/27,0
葛西,2018/1/28,0
葛西,2018/1/29,89348
葛西,2018/1/30,122170
葛西,2018/1/31,98101
葛西,2018/2/1,106379
葛西,2018/2/2,118719
葛西,2018/2/3,0
葛西,2018/2/4,0
葛西,2018/2/5,122238
葛西,2018/2/6,118503
葛西,2018/2/7,115881
葛西,2018/2/8,104854
葛西,2018/2/9,98254
葛西,2018/2/10,0
葛西,2018/2/11,0
葛西,2018/2/12,102521
葛西,2018/2/13,90346
葛西,2018/2/14,80100
葛西,2018/2/15,133500
葛西,2018/2/16,136941
葛西,2018/2/17,0
葛西,2018/2/18,0
葛西,2018/2/19,85773
葛西,2018/2/20,107338
葛西,2018/2/21,129618
葛西,2018/2/22,129729
葛西,2018/2/23,122975
葛西,2018/2/24,0
葛西,2018/2/25,0
葛西,2018/2/26,103153
葛西,2018/2/27,78542
葛西,2018/2/28,99146
葛西,2018/3/1,194958
葛西,2018/3/2,157417
葛西,2018/3/3,0
葛西,2018/3/4,0
葛西,2018/3/5,132484
葛西,2018/3/6,165406
葛西,2018/3/7,117835
葛西,2018/3/8,185491
葛西,2018/3/9,153507
葛西,2018/3/10,0
葛西,2018/3/11,0
葛西,2018/3/12,182794
葛西,2018/3/13,157118
葛西,2018/3/14,119792
葛西,2018/3/15,167841
葛西,2018/3/16,160049
葛西,2018/3/17,0
葛西,2018/3/18,0
葛西,2018/3/19,189504
葛西,2018/3/20,112895
葛西,2018/3/21,112630
葛西,2018/3/22,112248
葛西,2018/3/23,200783
葛西,2018/3/24,0
葛西,2018/3/25,0
葛西,2018/3/26,128939
葛西,2018/3/27,163537
葛西,2018/3/28,187861
葛西,2018/3/29,118518
葛西,2018/3/30,127244
葛西,2018/3/31,0
葛西,2018/4/1,0
葛西,2018/4/2,220191
葛西,2018/4/3,156981
葛西,2018/4/4,168924
葛西,2018/4/5,219118
葛西,2018/4/6,201271
葛西,2018/4/7,0
葛西,2018/4/8,0
葛西,2018/4/9,158478
葛西,2018/4/10,216219
葛西,2018/4/11,200023
葛西,2018/4/12,198750
葛西,2018/4/13,137113
葛西,2018/4/14,0
葛西,2018/4/15,0
葛西,2018/4/16,159897
葛西,2018/4/17,154074
葛西,2018/4/18,215706
葛西,2018/4/19,195648
葛西,2018/4/20,212944
葛西,2018/4/21,0
葛西,2018/4/22,0
葛西,2018/4/23,158620
葛西,2018/4/24,122055
葛西,2018/4/25,182766
葛西,2018/4/26,120376
葛西,2018/4/27,139565
葛西,2018/4/28,0
葛西,2018/4/29,0
葛西,2018/4/30,160209
葛西,2018/5/1,96096
葛西,2018/5/2,118590
葛西,2018/5/3,118634
葛西,2018/5/4,103290
葛西,2018/5/5,0
葛西,2018/5/6,0
葛西,2018/5/7,80490
葛西,2018/5/8,71730
葛西,2018/5/9,77187
葛西,2018/5/10,83488
葛西,2018/5/11,115038
葛西,2018/5/12,0
葛西,2018/5/13,0
葛西,2018/5/14,101112
葛西,2018/5/15,67712
葛西,2018/5/16,66585
葛西,2018/5/17,69784
葛西,2018/5/18,72017
葛西,2018/5/19,0
葛西,2018/5/20,0
葛西,2018/5/21,103456
葛西,2018/5/22,82536
葛西,2018/5/23,69991
葛西,2018/5/24,92658
葛西,2018/5/25,121692
葛西,2018/5/26,0
葛西,2018/5/27,0
葛西,2018/5/28,92146
葛西,2018/5/29,107974
葛西,2018/5/30,67771
葛西,2018/5/31,117768
葛西,2018/6/1,140926
葛西,2018/6/2,0
葛西,2018/6/3,0
葛西,2018/6/4,103128
葛西,2018/6/5,80765
葛西,2018/6/6,72185
葛西,2018/6/7,113915
葛西,2018/6/8,147382
葛西,2018/6/9,0
葛西,2018/6/10,0
葛西,2018/6/11,95942
葛西,2018/6/12,97289
葛西,2018/6/13,123934
葛西,2018/6/14,77722
葛西,2018/6/15,130348
葛西,2018/6/16,0
葛西,2018/6/17,0
葛西,2018/6/18,111485
葛西,2018/6/19,101358
葛西,2018/6/20,92056
葛西,2018/6/21,120570
葛西,2018/6/22,102335
葛西,2018/6/23,0
葛西,2018/6/24,0
葛西,2018/6/25,124175
葛西,2018/6/26,85749
葛西,2018/6/27,113824
葛西,2018/6/28,101208
葛西,2018/6/29,101602
葛西,2018/6/30,0
葛西,2018/7/1,0
葛西,2018/7/2,109641
葛西,2018/7/3,96440
葛西,2018/7/4,85776
葛西,2018/7/5,101495
葛西,2018/7/6,90618
葛西,2018/7/7,0
葛西,2018/7/8,0
葛西,2018/7/9,86761
葛西,2018/7/10,80037
葛西,2018/7/11,101907
葛西,2018/7/12,105521
葛西,2018/7/13,128500
葛西,2018/7/14,0
葛西,2018/7/15,0
葛西,2018/7/16,105170
葛西,2018/7/17,102419
葛西,2018/7/18,102281
葛西,2018/7/19,99265
葛西,2018/7/20,123632
葛西,2018/7/21,0
葛西,2018/7/22,0
葛西,2018/7/23,77184
葛西,2018/7/24,93543
葛西,2018/7/25,107701
葛西,2018/7/26,76768
葛西,2018/7/27,97948
葛西,2018/7/28,0
葛西,2018/7/29,0
葛西,2018/7/30,82744
葛西,2018/7/31,78252
葛西,2018/8/1,68557
葛西,2018/8/2,93890
葛西,2018/8/3,91236
葛西,2018/8/4,0
葛西,2018/8/5,0
葛西,2018/8/6,59802
葛西,2018/8/7,72347
葛西,2018/8/8,87420
葛西,2018/8/9,99601
葛西,2018/8/10,64515
葛西,2018/8/11,0
葛西,2018/8/12,0
葛西,2018/8/13,63373
葛西,2018/8/14,67403
葛西,2018/8/15,87845
葛西,2018/8/16,59402
葛西,2018/8/17,80110
葛西,2018/8/18,0
葛西,2018/8/19,0
葛西,2018/8/20,71616
葛西,2018/8/21,104296
葛西,2018/8/22,92078
葛西,2018/8/23,69936
葛西,2018/8/24,104795
葛西,2018/8/25,0
葛西,2018/8/26,0
葛西,2018/8/27,68380
葛西,2018/8/28,69313
葛西,2018/8/29,91822
葛西,2018/8/30,97993
葛西,2018/8/31,79311
葛西,2018/9/1,0
葛西,2018/9/2,0
葛西,2018/9/3,91975
葛西,2018/9/4,149190
葛西,2018/9/5,127706
葛西,2018/9/6,113000
葛西,2018/9/7,114129
葛西,2018/9/8,0
葛西,2018/9/9,0
葛西,2018/9/10,100477
葛西,2018/9/11,136715
葛西,2018/9/12,144451
葛西,2018/9/13,134570
葛西,2018/9/14,91895
葛西,2018/9/15,0
葛西,2018/9/16,0
葛西,2018/9/17,120623
葛西,2018/9/18,108028
葛西,2018/9/19,137952
葛西,2018/9/20,138673
葛西,2018/9/21,153355
葛西,2018/9/22,0
葛西,2018/9/23,0
葛西,2018/9/24,111833
葛西,2018/9/25,93459
葛西,2018/9/26,122804
葛西,2018/9/27,117867
葛西,2018/9/28,121830
葛西,2018/9/29,0
葛西,2018/9/30,0
葛西,2018/10/1,119379
葛西,2018/10/2,94167
葛西,2018/10/3,154316
葛西,2018/10/4,164835
葛西,2018/10/5,149422
葛西,2018/10/6,0
葛西,2018/10/7,0
葛西,2018/10/8,117516
葛西,2018/10/9,146282
葛西,2018/10/10,138166
葛西,2018/10/11,100747
葛西,2018/10/12,121546
葛西,2018/10/13,0
葛西,2018/10/14,0
葛西,2018/10/15,127264
葛西,2018/10/16,110029
葛西,2018/10/17,138277
葛西,2018/10/18,141299
葛西,2018/10/19,122516
葛西,2018/10/20,0
葛西,2018/10/21,0
葛西,2018/10/22,102928
葛西,2018/10/23,150247
葛西,2018/10/24,91891
葛西,2018/10/25,101775
葛西,2018/10/26,98716
葛西,2018/10/27,0
葛西,2018/10/28,0
葛西,2018/10/29,101839
葛西,2018/10/30,92490
葛西,2018/10/31,145280
葛西,2018/11/1,125652
葛西,2018/11/2,161682
葛西,2018/11/3,0
葛西,2018/11/4,0
葛西,2018/11/5,81188
葛西,2018/11/6,91190
葛西,2018/11/7,118151
葛西,2018/11/8,129157
葛西,2018/11/9,150037
葛西,2018/11/10,0
葛西,2018/11/11,0
葛西,2018/11/12,96019
葛西,2018/11/13,146351
葛西,2018/11/14,143436
葛西,2018/11/15,91844
葛西,2018/11/16,128899
葛西,2018/11/17,0
葛西,2018/11/18,0
葛西,2018/11/19,90167
葛西,2018/11/20,95294
葛西,2018/11/21,135487
葛西,2018/11/22,113328
葛西,2018/11/23,130145
葛西,2018/11/24,0
葛西,2018/11/25,0
葛西,2018/11/26,83833
葛西,2018/11/27,133706
葛西,2018/11/28,122545
葛西,2018/11/29,147091
葛西,2018/11/30,128702
葛西,2018/12/1,0
葛西,2018/12/2,0
葛西,2018/12/3,238309
葛西,2018/12/4,227239
葛西,2018/12/5,240022
葛西,2018/12/6,151351
葛西,2018/12/7,283842
葛西,2018/12/8,0
葛西,2018/12/9,0
葛西,2018/12/10,178162
葛西,2018/12/11,256833
葛西,2018/12/12,176952
葛西,2018/12/13,255814
葛西,2018/12/14,292893
葛西,2018/12/15,0
葛西,2018/12/16,0
葛西,2018/12/17,238393
葛西,2018/12/18,151214
葛西,2018/12/19,222588
葛西,2018/12/20,189617
葛西,2018/12/21,259342
葛西,2018/12/22,0
葛西,2018/12/23,0
葛西,2018/12/24,216523
葛西,2018/12/25,176272
葛西,2018/12/26,144345
葛西,2018/12/27,213442
葛西,2018/12/28,226195
葛西,2018/12/29,0
葛西,2018/12/30,0
葛西,2018/12/31,0
葛西,2019/1/1,0
葛西,2019/1/2,0
葛西,2019/1/3,0
葛西,2019/1/4,0
葛西,2019/1/5,0
葛西,2019/1/6,0
葛西,2019/1/7,140107
葛西,2019/1/8,123304
葛西,2019/1/9,108699
葛西,2019/1/10,122778
葛西,2019/1/11,142899
葛西,2019/1/12,0
葛西,2019/1/13,0
葛西,2019/1/14,137448
葛西,2019/1/15,130093
葛西,2019/1/16,131214
葛西,2019/1/17,142428
葛西,2019/1/18,146447
葛西,2019/1/19,0
葛西,2019/1/20,0
葛西,2019/1/21,140883
葛西,2019/1/22,148140
葛西,2019/1/23,88902
葛西,2019/1/24,96748
葛西,2019/1/25,103436
葛西,2019/1/26,0
葛西,2019/1/27,0
葛西,2019/1/28,138088
葛西,2019/1/29,94341
葛西,2019/1/30,140567
葛西,2019/1/31,117344
葛西,2019/2/1,84699
葛西,2019/2/2,0
葛西,2019/2/3,0
葛西,2019/2/4,93302
葛西,2019/2/5,119666
葛西,2019/2/6,85594
葛西,2019/2/7,126171
葛西,2019/2/8,115248
葛西,2019/2/9,0
葛西,2019/2/10,0
葛西,2019/2/11,121892
葛西,2019/2/12,91953
葛西,2019/2/13,81385
葛西,2019/2/14,130608
葛西,2019/2/15,118217
葛西,2019/2/16,0
葛西,2019/2/17,0
葛西,2019/2/18,100976
葛西,2019/2/19,76973
葛西,2019/2/20,92462
葛西,2019/2/21,117568
葛西,2019/2/22,116035
葛西,2019/2/23,0
葛西,2019/2/24,0
葛西,2019/2/25,129732
葛西,2019/2/26,124571
葛西,2019/2/27,134579
葛西,2019/2/28,88099
葛西,2019/3/1,191215
葛西,2019/3/2,0
葛西,2019/3/3,0
葛西,2019/3/4,158733
葛西,2019/3/5,119746
葛西,2019/3/6,182396
葛西,2019/3/7,120637
葛西,2019/3/8,123706
葛西,2019/3/9,0
葛西,2019/3/10,0
葛西,2019/3/11,121725
葛西,2019/3/12,177021
葛西,2019/3/13,168080
葛西,2019/3/14,110870
葛西,2019/3/15,184580
葛西,2019/3/16,0
葛西,2019/3/17,0
葛西,2019/3/18,109725
葛西,2019/3/19,174044
葛西,2019/3/20,104401
葛西,2019/3/21,104716
葛西,2019/3/22,198115
葛西,2019/3/23,0
葛西,2019/3/24,0
葛西,2019/3/25,171947
葛西,2019/3/26,149731
葛西,2019/3/27,153123
葛西,2019/3/28,115783
葛西,2019/3/29,180498
葛西,2019/3/30,0
葛西,2019/3/31,0
葛西,2019/4/1,127626
葛西,2019/4/2,140155
葛西,2019/4/3,130090
葛西,2019/4/4,195694
葛西,2019/4/5,193061
葛西,2019/4/6,0
葛西,2019/4/7,0
葛西,2019/4/8,200523
葛西,2019/4/9,196416
葛西,2019/4/10,214719
葛西,2019/4/11,153147
葛西,2019/4/12,204344
葛西,2019/4/13,0
葛西,2019/4/14,0
葛西,2019/4/15,182037
葛西,2019/4/16,161482
葛西,2019/4/17,160147
葛西,2019/4/18,162123
葛西,2019/4/19,205519
葛西,2019/4/20,0
葛西,2019/4/21,0
葛西,2019/4/22,147703
葛西,2019/4/23,150168
葛西,2019/4/24,171067
葛西,2019/4/25,162048
葛西,2019/4/26,211214
葛西,2019/4/27,0
葛西,2019/4/28,0
葛西,2019/4/29,200598
葛西,2019/4/30,164151
葛西,2019/5/1,86860
葛西,2019/5/2,95604
葛西,2019/5/3,99285
葛西,2019/5/4,0
葛西,2019/5/5,0
葛西,2019/5/6,83273
葛西,2019/5/7,103317
葛西,2019/5/8,94266
葛西,2019/5/9,100518
葛西,2019/5/10,129426
葛西,2019/5/11,0
葛西,2019/5/12,0
葛西,2019/5/13,104645
葛西,2019/5/14,80862
葛西,2019/5/15,70829
葛西,2019/5/16,88604
葛西,2019/5/17,122764
葛西,2019/5/18,0
葛西,2019/5/19,0
葛西,2019/5/20,95051
葛西,2019/5/21,100896
葛西,2019/5/22,109719
葛西,2019/5/23,93645
葛西,2019/5/24,94737
葛西,2019/5/25,0
葛西,2019/5/26,0
葛西,2019/5/27,85495
葛西,2019/5/28,96757
葛西,2019/5/29,99488
葛西,2019/5/30,113916
葛西,2019/5/31,126698
葛西,2019/6/1,0
葛西,2019/6/2,0
葛西,2019/6/3,96479
葛西,2019/6/4,89898
葛西,2019/6/5,108243
葛西,2019/6/6,79680
葛西,2019/6/7,145128
葛西,2019/6/8,0
葛西,2019/6/9,0
葛西,2019/6/10,85187
葛西,2019/6/11,126817
葛西,2019/6/12,115713
葛西,2019/6/13,132905
葛西,2019/6/14,133813
葛西,2019/6/15,0
葛西,2019/6/16,0
葛西,2019/6/17,125675
葛西,2019/6/18,98029
葛西,2019/6/19,130331
葛西,2019/6/20,85401
葛西,2019/6/21,105477
葛西,2019/6/22,0
葛西,2019/6/23,0
葛西,2019/6/24,88861
葛西,2019/6/25,108819
葛西,2019/6/26,88244
葛西,2019/6/27,85171
葛西,2019/6/28,116566
葛西,2019/6/29,0
葛西,2019/6/30,0
葛西,2019/7/1,99487
葛西,2019/7/2,64382
葛西,2019/7/3,77745
葛西,2019/7/4,105470
葛西,2019/7/5,78847
葛西,2019/7/6,0
葛西,2019/7/7,0
葛西,2019/7/8,97712
葛西,2019/7/9,74386
葛西,2019/7/10,114296
葛西,2019/7/11,118543
葛西,2019/7/12,113927
葛西,2019/7/13,0
葛西,2019/7/14,0
葛西,2019/7/15,113679
葛西,2019/7/16,99441
葛西,2019/7/17,101918
葛西,2019/7/18,111536
葛西,2019/7/19,116460
葛西,2019/7/20,0
葛西,2019/7/21,0
葛西,2019/7/22,98308
葛西,2019/7/23,86546
葛西,2019/7/24,78860
葛西,2019/7/25,94637
葛西,2019/7/26,94624
葛西,2019/7/27,0
葛西,2019/7/28,0
葛西,2019/7/29,117605
葛西,2019/7/30,116723
葛西,2019/7/31,88992
葛西,2019/8/1,99528
葛西,2019/8/2,100653
葛西,2019/8/3,0
葛西,2019/8/4,0
葛西,2019/8/5,79986
葛西,2019/8/6,75707
葛西,2019/8/7,86405
葛西,2019/8/8,103658
葛西,2019/8/9,97642
葛西,2019/8/10,0
葛西,2019/8/11,0
葛西,2019/8/12,64708
葛西,2019/8/13,73573
葛西,2019/8/14,67979
葛西,2019/8/15,82938
葛西,2019/8/16,62942
葛西,2019/8/17,0
葛西,2019/8/18,0
葛西,2019/8/19,75700
葛西,2019/8/20,67574
葛西,2019/8/21,80840
葛西,2019/8/22,59713
葛西,2019/8/23,110672
葛西,2019/8/24,0
葛西,2019/8/25,0
葛西,2019/8/26,63875
葛西,2019/8/27,103034
葛西,2019/8/28,100869
葛西,2019/8/29,71099
葛西,2019/8/30,75892
葛西,2019/8/31,0
葛西,2019/9/1,0
葛西,2019/9/2,97201
葛西,2019/9/3,90013
葛西,2019/9/4,142062
葛西,2019/9/5,91382
葛西,2019/9/6,152395
葛西,2019/9/7,0
葛西,2019/9/8,0
葛西,2019/9/9,106406
葛西,2019/9/10,102206
葛西,2019/9/11,95785
葛西,2019/9/12,146824
葛西,2019/9/13,102881
葛西,2019/9/14,0
葛西,2019/9/15,0
葛西,2019/9/16,94913
葛西,2019/9/17,115896
葛西,2019/9/18,106581
葛西,2019/9/19,128004
葛西,2019/9/20,102091
葛西,2019/9/21,0
葛西,2019/9/22,0
葛西,2019/9/23,149064
葛西,2019/9/24,102373
葛西,2019/9/25,144730
葛西,2019/9/26,97026
葛西,2019/9/27,153313
葛西,2019/9/28,0
葛西,2019/9/29,0
葛西,2019/9/30,129084
葛西,2019/10/1,153034
葛西,2019/10/2,105988
葛西,2019/10/3,146547
葛西,2019/10/4,133092
葛西,2019/10/5,0
葛西,2019/10/6,0
葛西,2019/10/7,111014
葛西,2019/10/8,104668
葛西,2019/10/9,91021
葛西,2019/10/10,135367
葛西,2019/10/11,147324
葛西,2019/10/12,0
葛西,2019/10/13,0
葛西,2019/10/14,160734
葛西,2019/10/15,144634
葛西,2019/10/16,113900
葛西,2019/10/17,142868
葛西,2019/10/18,120408
葛西,2019/10/19,0
葛西,2019/10/20,0
葛西,2019/10/21,97395
葛西,2019/10/22,152164
葛西,2019/10/23,158004
葛西,2019/10/24,100239
葛西,2019/10/25,139066
葛西,2019/10/26,0
葛西,2019/10/27,0
葛西,2019/10/28,138321
葛西,2019/10/29,116063
葛西,2019/10/30,129331
葛西,2019/10/31,90214
葛西,2019/11/1,121299
葛西,2019/11/2,0
葛西,2019/11/3,0
葛西,2019/11/4,110558
葛西,2019/11/5,121395
葛西,2019/11/6,142514
葛西,2019/11/7,93213
葛西,2019/11/8,111288
葛西,2019/11/9,0
葛西,2019/11/10,0
葛西,2019/11/11,108302
葛西,2019/11/12,146358
葛西,2019/11/13,111894
葛西,2019/11/14,147012
葛西,2019/11/15,138645
葛西,2019/11/16,0
葛西,2019/11/17,0
葛西,2019/11/18,104532
葛西,2019/11/19,123095
葛西,2019/11/20,117044
葛西,2019/11/21,149284
葛西,2019/11/22,161134
葛西,2019/11/23,0
葛西,2019/11/24,0
葛西,2019/11/25,100815
葛西,2019/11/26,85022
葛西,2019/11/27,107649
葛西,2019/11/28,114072
葛西,2019/11/29,115678
葛西,2019/11/30,0
葛西,2019/12/1,0
葛西,2019/12/2,188055
葛西,2019/12/3,241245
葛西,2019/12/4,230187
葛西,2019/12/5,214403
葛西,2019/12/6,270903
葛西,2019/12/7,0
葛西,2019/12/8,0
葛西,2019/12/9,242242
葛西,2019/12/10,238599
葛西,2019/12/11,215780
葛西,2019/12/12,220006
葛西,2019/12/13,192133
葛西,2019/12/14,0
葛西,2019/12/15,0
葛西,2019/12/16,210097
葛西,2019/12/17,218921
葛西,2019/12/18,256221
葛西,2019/12/19,243727
葛西,2019/12/20,250814
葛西,2019/12/21,0
葛西,2019/12/22,0
葛西,2019/12/23,198784
葛西,2019/12/24,166233
葛西,2019/12/25,227584
葛西,2019/12/26,209181
葛西,2019/12/27,290139
葛西,2019/12/28,0
葛西,2019/12/29,0
葛西,2019/12/30,0
葛西,2019/12/31,0
